529,429,600,1583,1003,1708,38,793,1020,1503,222,44,968,1534,2031,1042,787,860,947,2026,1449,518,1170,1652,1654,2012,618,491,680,828,1300,922,45,237,432,608,301,1991,1798,1436,1545,915,832,1204,981,975,2039,25,1861,669,1005,1632,613,133,1306,995,1022,1706,1092,622,384,179,1837,1773,1067,296,1660,616,1851,889,380,575,1542,1126,899,1522,741,275,1123,1757,labels
0.16075084,0.0,0.0,1.1646649,0.41152793,0.0,0.0,0.0,2.3470047,0.0,0.0,0.0,0.0,0.0,0.50843596,1.3526177,0.0,0.0,0.0,0.0,1.1141112,0.0,0.0,0.0,0.0,0.0,0.09748328,0.0,0.0,0.0,0.0,0.0,0.0,0.0,0.0,0.0,0.0,0.0,0.0,0.0,0.047063917,0.68755364,0.02109778,0.14289045,0.0,0.0,0.0,0.0,0.0,0.0,0.0,0.0,0.16259742,0.0,0.0,0.5248794,0.0,0.09391098,0.0,0.0,0.0,0.0,0.0,0.8294207,0.38504916,0.0,0.0,0.0,0.0,0.0,0.0,0.23750937,0.0,0.0,0.0,0.0,0.0,0.0,0.0,0.0,0
0.36035478,0.036318257,0.01666123,0.0,2.5357819,2.408298,1.1042848,0.0,0.109834425,1.3417659,1.7310653,0.0,0.83269835,0.11651921,0.0,1.7456478,0.11755517,2.4901578,0.39240324,1.1565992,1.8854492,1.8718238,0.4556083,0.017856635,0.7045847,0.0,2.3592587,1.5164976,0.007941355,0.0,0.48641545,0.6080729,2.438671,2.0142808,0.7023136,1.8160992,1.4194009,0.19688427,0.0,0.27632248,1.2157713,0.61690784,0.0,0.0,0.0,0.69024,2.8157082,0.6757465,1.4528462,2.8424447,0.5995899,0.76429963,2.5142562,0.662844,0.32808715,0.050138902,2.302988,0.677537,1.1444796,0.0,1.3752581,0.0,0.19675997,1.3741246,0.09541506,0.58238304,2.3772974,0.48693898,1.1513791,0.0,1.8053412,0.066502154,1.1958412,1.0175524,0.30654314,4.6607738,1.194988,0.0,1.3200186,0.71173525,1
0.0,0.23543635,0.0,0.12688282,0.0,0.0,0.0,0.83750296,0.077217914,0.9483461,0.0,0.19838655,0.6630291,0.08954832,0.0,1.6819961,0.0,0.0,0.0,0.0,1.6127105,0.0,0.14262176,0.0,1.2833622,0.010020614,0.45180815,0.0,0.0,2.5704606,0.57632524,2.3709173,0.0,0.42897356,0.0,0.0,0.0,0.0,0.16372299,0.7670635,0.0,0.0,0.0,3.8524675,0.0,2.4186616,0.0,0.10163003,0.0,0.0,0.0,0.7733048,0.143192,0.0,0.5888665,0.0,0.0,0.0,0.14171024,0.0,0.0,0.0,0.0,0.0,0.0,0.8697084,0.0,0.14490113,0.0,0.0,0.0,0.0,0.23541659,0.08410168,0.0,0.0,0.0,0.0,0.0,1.2196872,2
0.0,0.67632115,0.08875364,1.5816393,0.0,0.39812326,0.0,0.0,0.911793,0.0,0.0,0.066001415,1.413594,0.13484237,1.5945566,3.5341067,1.8293722,2.1851742,0.0,0.0,0.0,1.5600721,2.373798,0.50696933,0.0,1.0865109,0.17983261,0.5524924,0.294734,0.53619176,0.61473787,0.0,0.924455,0.12804466,0.00158249,0.0,1.0608644,0.0,0.09269117,0.0,1.6671762,0.8202623,0.042241164,0.0,0.0,0.67708987,0.0,0.0,0.64028007,0.0,0.2933858,0.14351663,0.037046216,0.0,0.0,0.0,0.0,0.21292928,0.8496578,0.0,0.0,0.0,0.0,0.05000493,0.0,0.0,0.0,0.04955605,0.0,0.65912324,0.0,0.052176647,0.7860235,0.0,1.0765587,0.19889367,0.6401273,0.8299625,0.33531561,1.0863022,4
0.0,0.46020013,1.1523147,0.0,1.4311268,0.46124023,0.7162808,0.0,0.79882497,1.2078848,0.9841811,0.99303544,0.16812421,0.10003367,1.7368566,1.9900064,0.2574444,0.9024611,3.3927324,0.0,0.12604272,0.0,0.29885238,1.0666665,0.31499594,3.8953779,0.87237996,1.3888816,0.9398049,0.08989972,0.4780764,1.2174726,0.60851145,0.0,0.18515348,0.0,0.0,0.051591463,0.3137833,1.3985015,0.49361706,0.88645256,0.0,0.0,0.0,0.0,0.22823633,0.0,0.28779995,1.052881,0.0,0.0,0.22328474,0.1099302,2.266417,0.35187814,0.010236508,0.13635464,0.0,9.427176,0.178275,3.4333813,1.4742249,0.8577703,1.5500233,0.0,0.708746,3.854868,0.28603688,0.39061868,2.725738,1.2777114,0.0,3.3060818,0.09639497,0.0394573,0.0,0.0,0.0,1.1857929,5
0.116373196,1.3766701,0.0727375,0.06448171,0.0,0.0,0.54966927,3.129468,1.5072798,0.008214527,0.0,0.0,0.0,0.0,0.72555804,3.6912405,0.0,0.32034105,0.0,0.41515586,0.75112796,0.43303087,0.0,0.0,0.0,0.0,0.048501626,0.14715749,0.0,0.14902104,0.33424634,0.0,1.0762315,0.0,1.1850623,0.0,0.7989298,0.0,0.18294185,0.21760686,0.86017835,0.21976696,0.0,0.24993408,0.0,0.6912222,0.0054305703,0.0,0.0,0.0,0.657724,0.80691946,0.51983774,0.0,0.0,0.0,0.0,0.30065468,0.049162004,0.0,0.0,0.0,0.0,0.004004717,0.0,1.8885899,0.0,0.030831253,0.0,0.0,0.0,0.420946,0.0,0.0,0.0,0.51776034,0.0,0.040642142,0.0,0.042335253,6
0.42503047,2.882103,1.7257271,0.0,0.0,0.11433559,0.3182165,0.22548267,1.9575969,0.78696406,2.0701923,0.627997,2.5067525,1.8556706,1.3203255,3.1699772,2.1339836,0.0,0.0,0.37663844,0.0,0.0,1.3822091,0.12346582,1.7803265,0.0,1.1215022,0.0,0.31120127,0.30109096,2.2414184,0.07277871,0.5446857,0.38853502,1.8781884,0.51517856,2.5649667,2.5833423,0.67989254,0.035268277,3.3778625,0.0,1.8600148,0.0738699,0.3804726,2.471069,2.9979692,0.09892332,0.0,0.12562731,1.9905834,0.0,2.8132434,0.0,0.07584975,2.5257595,0.18709143,0.986946,0.064031616,0.0013682264,0.76308167,0.17345816,0.51539433,0.43473068,1.4476459,0.2159206,0.011707097,0.7064457,0.9798237,0.18502024,0.0,0.41739908,1.967254,0.0,0.9762063,0.72049,0.0,3.4388504,2.3708582,0.013121024,7
0.0,0.0,0.0,1.2396228,1.3575387,0.09820688,0.6419175,0.12719987,1.3797309,0.4575567,0.39082962,0.18086618,1.6624286,0.46722704,0.5262262,1.6003116,0.16638462,0.1509337,0.7661581,0.0,0.0,0.08961688,0.0,0.13367847,0.7877027,0.0,0.0,0.6388712,0.58304465,0.0,0.5416156,0.0,0.86428607,0.0,0.7535361,0.0,0.0,0.40115985,1.0224692,0.9048729,0.8571019,0.0,0.13006161,0.0,0.7764181,0.0,0.16006072,0.49448106,1.7762339,0.0,0.25470692,0.0,0.32055217,0.37605387,0.0,0.0,0.80281365,0.09709577,0.0,0.0,0.10977986,0.0,0.07223503,0.0,0.0,0.40703517,0.367577,0.12214757,0.11214538,0.12503333,0.023368228,0.0,0.16103517,0.0,1.2725445,0.3168112,0.23098958,0.0,0.42423475,0.0,8
0.0,1.4463754,0.0,0.018250274,0.15741736,1.1084656,0.0,0.0,0.27886453,0.039082665,0.0,0.0,2.2873507,0.0,1.3427927,3.7236671,0.0,0.13841003,0.0,0.0,0.79919875,0.0,0.0,0.0,0.022810595,0.0,0.20915222,0.72870374,0.0,0.0,0.20398158,0.0,0.0,0.0,0.0,0.0,0.27086562,0.0,0.0,0.0,0.0,1.1684287,0.29562098,0.0,0.0,0.0,0.0,0.1261217,0.2733903,0.0,0.0,0.3381209,0.35988963,1.1638,0.0,0.0,0.0,0.019034773,0.0,0.0,0.0,0.0,0.0,0.0,0.0,0.0,0.0,0.0,0.0,0.25560424,0.0,2.5255878,0.6605462,0.0,0.0,0.0,0.40109515,0.34471577,0.15075183,0.0,10
0.0,0.0,0.36893228,0.13119856,0.0,0.0,0.0,0.5902207,0.29759648,0.31657434,0.0,0.0,0.09976658,0.18864,0.0,0.67390877,0.0,0.10467461,0.0,0.0,1.0267253,0.0,0.0,0.0,0.0,0.0,0.5866639,0.0,0.0,0.0,0.21770863,0.032975018,0.0,0.0,0.0048605204,0.31946054,0.0,0.0,0.0,0.0,1.6649117,1.4630996,0.71678436,0.6890216,0.0,0.0,0.13822931,0.0,0.0,0.0,0.0,0.08027649,0.5217433,0.39178607,0.0,0.28528562,0.0,1.0646272,1.6669134,0.0,0.0,0.0,0.0,0.0,0.0,0.0,0.0,0.0,0.0,0.0,0.0,0.84857917,0.0,0.0,0.0,0.0,0.0,0.0,0.0,0.0,14
0.119545326,0.2670087,0.0,0.9806667,0.0,0.8234776,1.0954288,0.25304484,0.9389464,0.4893509,0.49385333,1.0797347,0.41867462,0.69803226,0.22460356,1.7757729,0.5704057,0.097637415,0.51723295,0.06715422,0.7233772,0.45692807,0.56833416,0.008994366,0.06962722,1.2547238,1.7082728,0.1835812,0.17502981,0.105183184,0.21050335,0.10854164,0.84821075,0.24313466,0.28411186,0.50346017,0.0,0.47891048,0.13712636,0.0,0.0,0.14053237,0.0,0.0,1.0958948,0.0,0.0016180687,0.0,0.8031112,0.5698781,0.024191102,0.82086277,1.2652503,0.0,0.051609892,0.36237484,1.56652,1.5221125,0.61984795,0.18780741,0.095627084,1.5522026,0.15247154,0.3619456,0.69656765,0.50185996,2.920633,3.4101944,0.19531696,0.0,0.0,0.7933637,0.53621566,0.29314753,0.024298698,0.9192861,0.27156144,0.954153,0.029198982,0.0,15
0.0,0.0,0.0,0.20527706,0.10500164,1.2849731,1.5885223,0.008671403,1.1598754,0.21805,0.0,0.0,0.0,0.0,0.4260652,2.5205839,0.047230534,0.66619647,0.16460672,0.0,1.0759082,0.015155733,0.0,0.7404556,2.205729,0.0,1.268108,0.182438,0.0,1.2469286,0.5470733,0.07300395,0.8078973,1.1863469,0.8160654,0.0,0.0,0.2724266,0.0,1.9794931,1.5796105,0.34744105,0.6080104,1.3789779,0.0,0.84757245,0.8893581,0.05371105,0.0,0.0,0.406803,0.0,0.20310989,0.27177602,0.0,0.0,0.46965414,0.0,0.0,0.0,0.0,0.0,0.15383443,0.2385,0.0,0.85355467,0.0,0.3220384,1.1705554,0.015624151,0.6651212,0.0,0.069991484,0.2636484,0.36969554,0.2195119,0.0,0.23193908,0.27638,0.7685956,16
0.0,0.0,0.18055609,0.050922483,0.45276117,0.0,0.0,0.0,0.7345122,0.0,0.0,0.0,2.0150251,0.0,0.007907838,0.49916115,0.0,0.027294176,0.0,0.0,0.110200524,0.0,0.0,0.0,0.0,0.0,0.0,0.0,0.0,0.031624258,0.22509497,0.0,0.0,0.0,0.0,0.0,0.0,0.0,0.0,0.0,0.0,0.21883142,0.0,0.0,0.0,0.0,0.32301724,0.0,0.0,0.0,0.0,0.0,0.0,0.0,0.0,0.0,0.0,0.45354396,0.38172305,0.0,0.0,0.0,0.0,0.0,0.0,0.0,0.0,0.0,0.0,0.0,0.0,0.561844,0.056996465,0.0,0.0,0.0,0.0,0.0,0.0,0.0,17
0.0,2.8412971,0.12626314,0.48366374,0.41265097,0.43984282,0.03468713,0.06643148,2.476647,0.5896521,0.56222445,0.044509344,0.9816482,0.83054954,1.6024446,5.557639,0.0,0.35422814,0.0,0.87743014,0.2434591,2.5577855,0.7665509,0.0,0.02371195,0.24259509,0.95543844,0.0,0.2105116,0.0,1.0260127,0.13694015,0.0,0.16583826,0.066475615,0.0,2.740153,0.16523275,0.36708915,0.0029919632,3.080388,1.2367215,0.865802,0.0,0.0,0.25134552,0.9641977,0.0,0.87132096,0.05764836,0.0,0.0628871,3.2770438,1.0634216,0.30316693,3.3291917,0.0,0.0,0.029880568,1.4078221,1.754981,0.05493218,0.0,0.0,0.47395483,0.0,0.0,0.41752818,0.0,0.7136191,0.04331336,1.2289519,0.0,0.0,0.9971306,0.0,0.0,0.0,1.1454002,0.9319457,18
0.2582358,0.0,0.0,0.81934524,0.100132525,0.13099518,0.18213797,0.0,0.06853918,0.0,0.53209347,0.0,0.0,0.050985873,0.34279078,1.3106655,0.0,0.0,0.0,0.0,0.8950887,0.0,0.62992674,0.0,0.13954578,0.26309514,0.14767265,0.00061816536,0.0,0.0,0.7125174,0.3329063,0.0,0.0,0.08457409,2.2441344,0.0,0.61763257,0.0,0.168275,0.443653,0.0,0.0,0.10127902,0.0,0.7144557,0.04297526,0.47315508,0.0,0.0,0.94596624,0.5215889,0.00088384503,0.52997446,0.0,0.0,0.4082752,0.12839645,0.003724572,0.0,0.0,0.56938714,0.24315247,0.0,0.33953068,1.400616,0.13519195,1.1466587,0.07778592,0.0,0.16606313,0.027977914,0.42191237,0.0,0.0,0.0,0.0,0.0,0.0,0.0,19
0.30036646,0.0,0.25395003,0.18770161,1.1438456,0.7886677,1.3509492,0.334998,0.900733,0.5323491,0.16079819,0.4078566,0.0,0.24018753,0.4745896,3.1931047,1.0208325,1.5758097,0.75374365,1.2105421,0.8456669,0.29590687,0.011059447,0.3883245,1.2637186,2.2099924,0.6590698,0.1828985,0.5060798,0.0,0.10981223,0.3105246,1.1279528,1.2459596,1.0813563,1.1007922,1.282704,0.0,1.5109879,1.0420759,0.100643635,0.07794312,0.21236719,0.0,0.0,0.95781946,1.3804135,1.332677,0.33844584,1.2040846,0.80272293,1.0529919,0.0,0.3681893,1.7672448,0.0,0.8503492,0.68493885,0.94858134,0.21427608,0.063359484,0.0,0.5530369,1.816456,0.29620475,0.13591948,0.39731133,0.22461724,1.2589319,0.980798,1.2391417,0.0,0.18721941,0.97529197,0.82853407,0.7679378,1.9115475,0.43963003,1.5354252,1.6200124,20
2.0208166,0.14046706,0.7692584,0.4009566,0.62977767,0.641998,0.0,0.0,0.92110926,1.9254868,0.5165864,0.45266318,0.89267766,0.19186668,0.09460479,1.5468345,0.96146166,1.9430981,0.14893316,0.0,1.1108676,0.627037,0.0,0.903321,0.05726714,0.0,0.63394666,2.1692793,0.0,0.25672263,1.0412476,0.28134903,0.0,0.19260599,1.5142128,0.0,1.2142525,0.45768628,0.25669822,0.07078859,4.1712728,0.3718223,0.0,2.0305963,0.0,0.0,0.9783821,0.61861336,0.16526559,0.0,0.10545909,1.2032202,0.0,0.02286087,0.0,2.8215833,0.0,0.49236506,1.1179032,0.43747616,0.5370101,0.0,1.8393152,0.033161048,0.7646312,0.20837155,0.0,0.0,0.0,0.0,0.55365634,3.1779819,0.020120014,0.2148655,0.0,0.33565706,0.12961352,1.7073032,0.0,0.3887801,21
0.32227272,0.09753916,0.0,0.0,0.0,0.0,0.0,0.0,1.328539,0.0,0.0,0.0,0.0,0.0,0.91556937,1.966539,0.40678275,0.12665942,0.2756845,0.0,1.287362,0.0,0.031563006,0.013047205,0.24073453,0.8730951,1.1022673,1.356439,0.66431016,0.5376607,0.7467126,0.0,0.55312395,0.0,0.33860627,0.0,0.24221516,0.0,0.0,0.0,0.17977965,0.70087093,0.06509091,0.0,0.0,0.0,0.0,0.32086486,0.24571487,0.0,0.22552978,0.057650328,0.19983439,1.2400608,0.0,0.0,0.0,0.16418013,1.3320667,0.0,0.18796663,0.0,0.3433803,0.36056602,0.696305,0.0,0.0,0.06017206,0.0,0.007108167,0.27704343,0.7527774,0.26829657,0.0,0.011593321,1.1031168,0.0,0.065382905,0.2867655,1.2280953,22
0.0046785395,0.025385514,1.0509596,0.089138515,0.89130545,0.04620679,0.0,2.9443698,0.60771054,0.69763935,0.0,0.39713576,4.0922985,0.0,1.5514754,2.8519871,0.0,0.124231964,0.0,0.0,0.07194567,0.0,0.18833865,0.0,0.0,0.0,0.30278316,0.98964673,0.53838134,1.2230651,0.62391216,0.0,0.0,0.21477586,0.15847981,1.3221197,0.33837068,0.0,0.40172863,1.2876527,0.8036824,2.5513806,3.7328005,0.0,1.8793645,2.0477102,0.067325085,0.0,0.96316624,0.7621115,0.0,0.0,2.3907897,0.8794812,0.32079402,0.0,0.0,0.4098143,0.15039216,0.7778901,1.1543815,0.14771605,0.39530963,0.041403834,0.0,0.20598257,0.74070585,0.0,0.11117616,0.0,0.40765202,1.0624518,1.0287539,0.0,0.3637588,0.0,0.53780055,0.057479654,0.0,0.0,23
0.24176842,0.0,0.5038725,0.0749892,0.23907907,0.0,0.7433638,0.0,1.1266716,0.0,0.0,0.0,2.6227832,0.28378204,0.3622548,0.8709528,0.0,0.42522222,0.0,0.0,0.14249885,0.0,0.0,0.0,0.08529878,0.0,0.79329705,0.0,0.0,0.27926755,0.29013523,0.0,1.6249795,0.0,0.0,0.0,0.0,0.18228349,0.0,0.0,0.52059096,0.23206028,0.0,0.0,0.0,0.5235266,0.0,0.0,0.0,0.0,0.0,0.0,1.8387883,0.0,0.2603594,0.0,0.0,0.09252834,0.014722809,0.0,0.0,0.0,0.0,0.0,0.51977265,0.0,0.0,0.0,0.0,0.0,0.0,0.0,0.0,0.0,0.0,0.0,0.40382612,0.0,0.27749527,0.0,24
0.25218382,2.5608764,0.8318474,0.7276499,0.28249007,0.6497314,0.9048497,1.2400643,4.13758,0.30292064,0.10400267,0.05994972,1.396732,0.060160983,0.6914555,2.9938254,0.34339276,0.59984756,0.21984243,0.0,0.42107844,0.0,1.8350439,0.23890701,0.58376896,0.9643861,3.1890588,0.6522892,0.83864176,0.42565224,0.6144889,0.0,0.81412303,0.11656399,0.81492835,0.72731775,1.1541003,0.038169015,0.0,0.21912357,0.08536688,0.91934925,2.42124,0.7568612,1.1498773,0.82237643,0.24720171,0.53895336,0.35118383,1.5256417,0.0,1.0992097,1.106437,0.078842305,0.0,1.957944,0.20685595,1.67727,2.1693156,0.31510815,1.0729319,1.331567,0.319639,1.1210089,0.39065456,1.2912499,0.3468433,2.3597221,0.0,0.5890114,0.27612895,1.9573512,1.193294,0.38061595,0.27053478,2.1803339,1.2698574,1.037936,0.362417,1.0386512,25
0.0,0.0,0.0,0.0,0.03776171,0.034330595,0.0,0.0,0.4798137,0.078625664,0.0,0.0067957146,0.32271725,0.4862073,2.428995,2.2513309,0.0,0.19545609,0.903736,1.3006973,0.83475196,0.0640969,0.0,0.0,0.0,0.0,0.12740722,1.3428223,0.64690614,1.1089609,0.82544744,0.036850594,0.0,0.0,0.0,0.0,0.9001114,0.0,0.0,0.3005474,0.06126658,0.6326658,0.055980578,0.9617901,0.0,0.0,0.0,0.13160348,0.0,0.4521087,0.0,1.6878632,0.0,0.2515013,0.026100093,0.0,1.0158653,0.70151806,0.0,1.6972053,0.0,0.0,0.08779931,0.15743923,0.30612555,0.0,0.0,0.0,0.0,0.0,0.17505816,1.0924336,0.021847412,0.2283127,0.0,0.34055543,0.64945227,0.3660215,0.017044365,0.36554733,26
0.7700805,0.0,0.9815048,0.0,0.5035389,0.17336453,0.0,0.38430333,0.5110278,0.39296082,0.34027717,0.0,0.02004429,0.0,1.034807,1.0731759,0.91636145,0.17679673,0.0,0.24637777,0.0,0.0,0.0,0.0,0.0,0.0,0.0,0.90805715,0.0,0.6409559,0.3344187,0.0,0.0,0.0,0.0,0.0,0.0,0.0,0.0,0.0,0.0,0.0,0.0,0.0,0.0,0.0,0.0,0.0,0.0,0.0,0.0,0.0,0.0,0.0,0.0,0.0,0.0,0.0,0.0,0.0,0.0,0.0,0.48956093,0.0,0.23358318,0.17969963,0.0,0.0,0.0,0.0,0.39769322,0.24795523,0.0,0.06267443,0.0,0.0,0.0,0.08391103,0.0,0.9997443,27
0.2999003,0.0,0.21766204,0.060916513,0.27859357,0.0,0.0,0.22588232,0.13399917,0.35423696,0.4991082,0.0,0.0,0.31309053,0.0,0.81202847,0.0,0.0,0.0,0.0,1.1480112,0.0,0.0,0.0,0.32879832,0.0,0.023653217,0.0,0.0,1.5496778,1.1319138,0.208197,0.0,0.022234797,0.0,0.32853395,0.0,0.5745499,0.0,0.3499499,0.2527379,0.0,0.0,0.0,0.0,0.0,0.0,0.19441104,0.64119124,0.0,0.8235643,0.12731338,0.35993302,0.0,0.0,0.0,0.0,0.22218625,0.0,0.0,0.0,0.044332325,0.0,0.0,0.25856152,0.45856667,0.23242015,0.0137375295,0.0,0.0,0.03808582,0.0,0.0,0.0,0.03226757,0.0,1.4854025,0.0,0.0,0.0,28
0.0,0.61227393,0.21160634,0.5486027,0.96621513,2.4213638,0.33623993,0.15642905,0.69373715,2.510909,1.311115,1.3358752,4.9185405,0.4173051,0.7788427,3.1454964,3.138342,2.3038278,0.18542694,0.22927848,3.2364576,0.8819412,0.30198926,0.40018487,0.18856771,2.2129984,0.022687208,1.4537493,0.61379474,0.0,0.48328418,0.6145498,0.21158412,1.9722505,0.9191427,0.5609182,0.5939793,1.1967646,1.1730468,0.0,1.9718103,1.5832968,0.09916352,0.9708998,1.2485619,0.16160612,0.9732664,0.12600142,0.0,0.0,0.0,0.81075776,3.6777759,0.7141818,0.5603272,0.78122044,0.5337435,1.7898743,0.37973443,1.2053683,2.8477683,0.087335445,0.653651,1.7090211,0.1238478,0.021463672,2.3599255,0.9094258,0.020255601,0.37824756,0.53523815,0.7584407,0.14914137,0.03729547,0.6352989,3.073385,0.0,2.269092,0.5013288,0.95379746,29
0.05698435,2.308437,0.013695598,0.24145532,0.037983984,0.0,1.4326853,0.52070546,0.20808166,0.0,0.0,0.0,0.0,0.0,0.0,1.3231246,0.0,0.076922804,0.0,0.0,0.0,0.0,0.0,0.42545378,2.042915,0.0,0.6556296,0.0,0.0,0.0,0.2717579,0.0,0.9496402,0.21691042,0.0,0.0,0.52790356,0.0,0.0,1.2642949,0.60994923,0.10778457,0.0,0.19411683,0.0,0.8764243,0.70497906,0.0,0.0,0.0,0.0,0.0,0.10690838,0.0,0.0,0.0,0.0,0.0,0.7591256,0.0,0.0,0.0,0.0,0.0,0.0,0.54127645,0.0,0.0,0.0,0.0,0.0,0.35721982,0.0,0.0,0.0,0.0,0.0,0.0,0.0,0.10887706,30
0.0,0.14922291,0.0,1.1652124,0.36631083,0.0,0.0,0.0,1.1640358,0.0,0.0,0.0,0.5563601,0.0,0.008667499,1.3039405,0.0,0.81771183,0.069387585,0.0,0.0,0.0,0.0,0.0,0.0,0.0,0.059837908,0.02911625,0.0,0.0,0.42774653,0.0,0.030955816,0.0,1.2742287,0.0,0.0,0.0,0.0,0.0,0.6446653,0.39481845,0.0,0.0,0.0,0.0,0.2358938,0.0,0.0,0.0,0.21212709,0.0,0.0,0.10738444,0.0,0.0,0.011021972,0.0,0.0,0.0,0.0,0.0,0.0,0.0,0.12666965,0.06565595,0.0,0.0,0.0,0.0,0.0,0.17090842,0.2446369,0.0,0.0,0.0,0.0,0.0,0.0,0.0,31
0.0,0.0,0.7501719,0.0,0.061478615,0.13998778,0.0,0.0,1.276825,0.0,0.0,0.0,1.6475358,0.0,1.3167017,2.8455987,0.0,0.0,0.2634162,0.028205786,0.7644287,0.112622485,0.03597951,0.2022685,0.0,1.0267535,1.3686991,0.30441618,0.0,0.0,0.0,0.0,0.0,0.34230566,0.0,0.0,0.5464435,0.0,0.042871006,0.06151791,0.5245712,0.9107429,0.0,0.0,0.0,0.77607244,0.0,0.124842525,0.0,0.0,0.002942197,0.0,1.9198174,0.0,0.0,0.2680423,0.0,1.2828285,1.0079335,0.0,0.0,0.0,0.3952952,0.42155433,0.43820363,0.0,0.0,0.6239375,0.0057911426,0.0,0.0,0.657438,0.9148998,0.009412352,0.33514234,0.032703288,0.41335973,0.0,0.0,0.60352755,32
0.23518746,1.5464119,0.0,0.7994609,0.14814097,0.18629798,0.045776147,0.0,1.1383064,0.11605017,0.021964643,0.10410003,2.6428015,0.95866185,0.32006428,2.6339533,0.08745232,1.2137597,0.12117777,0.30309418,0.19372535,1.3667035,1.279188,0.18379894,0.081787735,0.0,0.46874803,0.26702502,0.0,0.0,0.31992987,0.0653465,1.5920175,0.43260688,0.0,0.69906163,0.006143678,0.0,0.6963334,0.7434256,1.3691816,0.760082,0.80746496,0.0,0.0,0.0,0.90273976,0.09016532,0.67588574,0.0,0.19410819,0.13938189,2.1277974,0.0,0.0,0.0,0.0,0.0,0.0013719383,0.0,0.22080041,0.0,0.0,0.49616632,0.30224404,0.0,0.16892579,0.03978411,0.23508617,0.65136576,0.0,0.4969263,0.0,0.0,0.0,1.7300855,0.0,0.023237675,0.37591556,0.0,33
0.31399232,0.10659975,0.0,0.15951365,0.54949623,0.0,0.9671319,0.09413019,0.2849813,2.2398324,0.72655755,0.13733283,0.0,2.2924683,0.5255257,3.9219255,0.0,0.20161396,0.036661148,0.74941605,0.082438186,0.0,0.32594684,1.6649653,1.7169988,0.0,2.1321723,0.0,0.31449825,0.0,0.72648436,0.0,1.1399084,0.0,1.8787987,0.12002331,2.8043575,1.9642074,0.5978519,0.19398327,0.92091227,0.2915349,0.31941918,0.0,0.5749609,0.0,2.079311,0.0,0.57759595,0.6168356,2.5537634,0.2719064,0.71876657,0.7370728,1.4942008,0.007694571,0.0843829,0.114657454,1.4077772,0.71109986,0.41815284,1.1668937,0.20978805,0.6693093,0.34514016,1.2136499,0.5489302,0.0,1.4139559,0.31300405,0.75237894,0.5400156,1.3002824,0.0,2.4826515,0.12244558,0.8773431,0.0056102113,1.0903867,0.9203664,34
0.56508374,1.2900852,0.26951516,1.3923885,1.5885576,0.8860811,0.6243434,0.91913843,0.46677122,0.8440569,0.08192375,1.8295331,0.39136198,0.0,1.4160795,4.272896,0.71849227,0.0,3.353941,0.7838886,0.0,0.62790436,0.9162451,3.299692,0.3127979,2.2191021,0.7411332,2.0667138,0.12032742,0.45417356,2.5676208,0.8098099,2.4719827,1.0818688,0.78086156,0.4758299,0.0,1.3743306,0.25837198,0.7276403,2.5260124,0.107118875,0.0,0.0,1.1921936,0.69830704,0.7369672,0.0,2.3103464,1.1533194,0.17228092,0.0,1.1747804,0.0,1.3249468,0.0,0.0,0.026486412,0.0,0.70319885,0.0,3.8172083,0.2680696,0.0,0.44588897,0.101072356,0.09858355,1.2063429,0.9548081,0.0,1.128083,0.0,0.0,2.0200548,0.5312078,1.732049,1.4559081,0.62244755,1.8614094,0.0,35
0.15746209,0.0,0.07439282,0.31776205,0.0,0.1372388,0.0,0.45143107,0.27670193,0.38473222,0.9125767,0.0,0.0,1.3638523,0.3450831,0.87595254,0.4519869,0.20579514,0.0,0.0,0.58087444,0.0,0.9005853,0.19501917,0.1680334,0.0,1.9027932,0.0,0.0,1.3058307,1.553731,0.2817459,0.0,0.0,0.08267945,0.0,0.0,1.1499822,0.0,1.2324094,0.07482977,0.0,0.0,0.8734677,0.0,0.0,1.1399627,0.0,0.0,0.0,0.46955055,0.86440927,0.3508274,0.0,0.36291295,0.0,0.0,0.19667281,0.057501346,0.18378097,0.056548268,0.0,0.0,0.0,0.0,0.2376021,0.19650537,0.0,0.0,0.0,0.0,0.23393875,1.0937403,0.0,0.3206362,0.0,0.0,0.11688567,0.0,0.0,36
0.0,0.0,0.0,0.0,1.5907259,0.097415775,0.6482099,0.0,0.1530363,0.0,0.0,0.0,0.16722193,0.0,0.0,1.1986523,0.042861402,0.0,0.0,0.0,0.0,0.0,0.0,0.0,0.0,0.0,0.0,0.0,0.0,0.062493622,0.33153397,0.0,0.347094,0.0,0.0,0.0,0.4265331,0.0,0.0,0.028587624,0.0,0.3956501,0.0,0.0,0.0,0.90451,0.0,0.0,0.0,0.0,0.0,0.0,0.0,0.0,0.16213992,0.0,0.0,0.0,0.8193675,0.0,0.0,0.5458799,0.21329832,0.0,0.0,0.0,0.0,0.0,0.14758737,0.0,0.0,0.0,0.18728913,0.0,0.0,0.0,0.0,0.0,0.43672818,0.06502727,0
0.32113886,0.15676826,0.24053176,0.9576706,0.32262242,0.023546292,0.32853636,0.33468536,1.8505889,0.83114874,0.6823245,0.28141138,1.3448226,0.0,0.40989038,3.6043804,0.39433822,2.5055242,0.0,0.0,2.2691092,2.2283068,2.2014089,0.1532761,0.4055165,0.051034093,0.8993486,0.79594433,0.11462062,0.22911677,0.0,0.0,0.0,1.2789844,0.029599352,0.68407965,2.4234524,0.29571137,0.1690066,0.44758195,2.684836,0.52249116,0.753458,4.500965,0.14154519,0.33760893,1.3535864,0.34411925,0.29853082,0.34872356,1.8167338,1.3442334,3.6940112,0.13365236,0.04224662,0.8689797,0.69034517,0.12060794,0.53552043,1.3621277,1.5858827,0.0,1.5829957,1.220217,0.30623555,0.29433116,0.17255235,0.39271906,0.31096786,0.7464668,0.6233676,1.4380298,0.9428515,0.0,0.0,1.7939221,0.4431522,0.9453326,0.7320154,0.4689885,1
0.2592628,0.1565415,0.019851275,0.0,0.10474926,0.67291373,0.0,0.88345397,0.5039658,2.038196,0.09724322,1.0002245,0.0,0.30408406,0.25144413,2.2600853,0.28520307,0.10132877,0.0,1.4696788,1.7940364,1.2424636,0.017827094,0.7145264,0.43098137,0.259544,0.5744422,1.9127631,0.19988625,0.18488887,0.18370247,0.0,0.07198537,0.22230694,0.11063316,0.0,0.11240281,0.0094850855,0.33202657,0.5751231,1.2218808,1.1277293,1.3129312,0.107218266,0.0,0.14068553,0.6726622,0.36618775,0.72011167,0.11462489,0.34490025,0.5691221,0.81962514,0.66304785,0.71961033,0.7131714,0.3326195,0.991658,0.12340839,0.0,0.30039117,0.0,0.0,0.3426503,0.11647765,0.027134193,0.0,0.0,0.0,0.41351408,0.0,1.0304883,0.9546925,0.13496941,0.2992136,0.04868661,0.0,0.0,0.0,2.146642,2
0.0,0.0,0.0,1.7328256,0.040501624,0.25217724,0.0,0.0,1.3850232,0.17675555,0.0,0.0,1.3908218,0.0,1.6252725,2.5788631,0.0,0.31744787,0.0,0.0,2.0750375,0.0,0.0,0.0,0.0,0.0,0.24902189,0.5980972,0.0,0.0,0.38783246,0.0,0.0,0.0,0.0,0.0,0.53875834,0.0,0.0,0.030707669,0.28399384,1.8710496,0.27520722,0.0,0.0,0.0,0.040894717,0.0,0.0,0.0,0.0,2.0045037,0.0,0.0,0.0,0.04971224,0.0,0.0,0.55731964,0.24480613,0.0,0.0,0.0,0.0,0.0,0.69283897,0.0,0.0,0.0,0.02161619,0.0,1.0118159,0.0,0.0,0.0,0.18070953,0.0,0.0,0.022016078,0.437301,4
0.07601571,0.66859376,0.1489348,0.0,0.12246686,0.31558925,1.5190786,0.0,0.33810928,0.4916935,1.3506185,0.3774037,0.020119872,0.77951175,0.6835677,2.5341427,0.6188777,0.51338035,0.37225962,0.36851344,0.0,0.8087085,0.03442304,0.18748999,1.1620599,1.5012827,3.2995596,1.8019259,0.44739038,0.10220307,1.146215,0.10708883,0.50306296,1.2193102,1.946176,0.38048452,1.5889459,0.035083767,0.697525,0.57195175,1.4262817,1.7027242,0.96040475,0.0,0.0,1.4671998,1.7210658,0.050794885,0.16464457,1.1187222,0.1797069,0.0,0.9323201,0.1154064,0.482067,0.044399083,0.3218823,2.282311,0.8902592,2.2484283,0.04552693,0.0,0.35855934,1.1730951,1.8531427,0.5005132,0.7399079,3.3415632,0.26130292,0.8117044,0.52073884,0.47616547,0.9507683,0.120637015,0.9405722,0.3182364,1.487727,0.0,0.14151219,2.0486617,5
0.10161925,0.0,0.0,1.2337149,0.0,0.17799157,0.0,0.04693988,2.156153,0.0,0.0,0.0,0.0,0.0,1.6356566,2.7690685,0.30783868,0.0,0.0,0.0,0.0,0.0,0.0,0.0,0.0,0.0,0.0,0.0,0.0,0.0,0.16496363,0.0,0.0,0.0,0.0,0.0,0.0,0.0,0.752246,0.0,0.33295015,0.3185576,0.69733846,0.0,0.0,0.0,0.0,0.15083039,0.0,0.0,0.0,0.0,0.13428953,0.0,0.0,0.0,0.0,0.07515195,0.62719107,0.0,0.0,0.0,0.0,0.0,0.11266104,0.0,0.0,0.0,0.0,0.0,0.0,0.0,0.0,0.0,0.0,0.0,0.0,0.0,0.0,0.0,6
0.47336987,5.916601,0.009680584,0.0,0.0,0.0,0.007923558,0.0,1.7173598,1.3047171,0.0,0.0,7.301857,0.32766244,0.42476788,1.7719674,0.0,1.0032716,0.0,0.09121442,1.3111846,0.0,0.0,0.0,0.15250191,0.0,1.1152674,0.415333,0.0,0.0,0.7575869,0.0,0.0,0.0,0.48054808,0.008826419,1.5746702,0.0,0.0,0.0,0.30511084,0.98396194,0.0,0.46045125,0.0,0.0,0.10903899,0.0,0.0,0.0,0.0,0.15776293,1.6427581,0.0,0.0,0.0,0.0,1.0436511,0.53754073,0.0,0.0,0.0,0.07879027,0.0,0.0,0.0,0.0,0.0,0.39286804,0.0,0.22005048,2.852851,1.0649762,0.0,0.65362877,0.43328002,0.2719077,0.0,0.0,0.21483831,7
0.72449696,0.0,0.8979873,0.0,1.4709928,0.0,0.5676598,0.0,0.8189138,0.0,0.09247047,0.0,0.0,0.0,0.0,0.3477923,0.0,0.053097427,0.0,0.27305815,0.0,0.0,0.0,0.0,0.0,0.0,0.0,0.0,0.0,0.0,0.0,0.023797575,0.0,0.0,0.0,0.0,0.0,0.0,0.22097625,0.0,0.064145476,0.043175757,0.0,0.0,0.0,0.0,0.0,0.0,0.0,0.0,0.0,0.0,0.5004804,0.0,0.0,0.0,0.13542709,0.0,0.0,0.0,0.0,0.0,0.0,0.0,0.81679314,0.28135008,0.23281789,0.0,0.0,0.0,0.0,0.72573376,0.0,0.0,0.0,0.0,0.0,0.726586,0.21041337,0.19889013,8
0.0,0.0,0.0,0.30765742,0.0,0.0,0.0,0.13688692,0.35687298,0.24146585,0.026627019,0.0,2.1513813,0.0,0.7497678,4.0638924,0.1586536,0.94240224,0.0,0.03877747,2.2116175,2.4800303,0.0,0.37725186,0.0,0.0,0.37266174,0.71742624,0.3262087,0.026166912,0.63893044,0.0,0.0,0.0,0.032032702,0.0,1.8313559,0.0,0.23757008,0.055538416,0.77502126,0.954885,0.42513907,1.612576,0.0,0.0,0.05845117,0.0,0.8039502,0.0,0.0,1.139695,1.670849,0.06793901,0.0,0.0,0.0,0.37317735,0.45223624,0.0,0.40943375,0.0,0.062852755,0.058236487,0.8655337,0.905789,0.0,0.0,0.0,0.15047607,0.22368476,0.6981327,0.2003926,0.0,0.0,0.8754628,0.101693,0.84402734,0.0,0.3141315,10
0.0,0.0,0.5528253,0.0,0.8717097,0.0,0.0,0.0,1.5778759,0.0,0.0,0.0,1.1295547,0.0,0.0,0.5246427,0.0,0.018130988,0.0,0.0,0.0,0.0,0.0,0.0,0.0,0.0,0.0,0.0,0.07252455,0.0,0.44005406,0.0,0.0,0.0,0.0,0.0,0.0,0.0,0.0,0.0,0.0,0.05671808,0.0,0.0,0.0,0.0,0.0,0.0,0.0,0.0,0.0,0.25059855,0.42519873,0.0,0.0,0.0,0.0,0.0,0.12051687,0.0,0.0,0.0,0.0,0.0,0.0,0.0,0.30230454,0.0,0.0,0.0,0.0,0.14891201,0.0,0.0,0.0,0.10092726,0.0,0.18537658,0.0,0.15404354,14
0.24303894,2.0543387,0.10524534,2.930024,1.8983157,1.2978683,0.0,0.8215874,1.4662536,1.1996858,1.4327303,0.70740426,1.8678309,1.0191274,1.2578065,1.7574787,0.11932725,0.37576598,0.18508068,0.33862448,0.0,0.68693495,3.7043285,0.0,0.345299,1.8846271,2.8935256,0.061162703,0.83299947,0.5015509,1.386469,0.27912483,0.0,1.4494667,0.6315547,2.906262,1.299862,0.6983088,0.5880061,0.96732014,1.9808272,2.1644933,3.4973097,1.2066354,0.124551445,4.068451,2.2036905,0.05051761,0.5316666,1.9325607,0.0,0.033487115,1.3927608,3.7501454,0.5389315,0.27982616,0.29625204,1.0854006,0.24219608,0.17797872,4.569377,0.0,0.8995019,0.2240538,2.1801121,0.05440837,2.0272605,4.44934,0.0,2.242412,0.10810563,1.0521104,1.4190533,0.027164757,2.3663628,0.4388456,3.2167935,0.3030861,0.0,1.8464088,15
0.0,0.0,0.0,0.0,0.0,0.0,0.64912224,0.0,1.0726645,0.0,0.0,0.108712405,0.6320381,0.0,0.72085863,1.985045,1.1237279,0.0,0.0,0.6289941,0.0,0.0,0.0,0.0,0.63980806,0.0,0.5256233,0.12089887,0.0,0.0,0.031046063,0.0,0.0,0.14519978,0.07813966,0.0,0.0,0.0,0.14119786,0.97555906,0.0,0.20134978,0.15884727,0.0,0.0,0.17735326,0.46366152,0.0,0.0,0.0,0.0,0.0,0.070658594,0.008475878,0.0,0.0,0.0,0.0,0.0,0.0,0.0,0.0,0.0,0.0,0.0,0.21237448,0.0,0.0,0.2520063,0.0,0.0,0.0,0.05075118,0.0,0.0,0.26958042,0.0,0.0,0.0,0.0,16
0.0,0.0,0.0,0.0,0.0,0.0,0.0,0.22816819,2.6164563,1.0821555,0.0,0.0,1.4021722,0.0,1.6633512,2.9118516,0.0,0.46003142,0.0,0.0,4.2785234,0.00019270182,0.0,0.0,0.0,0.0,0.0,0.0,0.0,0.5040076,0.0,0.0,0.0,0.0,0.0,0.0,0.1785789,0.0,0.0,0.0,0.39769816,0.49316564,0.0,1.5806181,0.0,0.0,0.0,0.0,0.08234405,0.0,0.0,2.8977027,0.640725,0.0,0.0,0.69607574,0.0,2.1802793,0.43337333,0.0,0.0795718,0.0,0.0,0.8625682,0.0,0.0,0.0,0.0,0.0,0.0,0.0,3.6297526,0.2731564,0.0,0.0,0.20690587,0.0,0.0,0.0,0.58105886,17
0.0,0.29769117,0.0,0.0,0.64414895,1.015093,0.56023854,0.40884623,0.25793257,0.2932313,0.0,0.0,0.0,0.802811,0.0,1.1375381,0.6638198,0.0,0.65747035,0.054333836,0.0,0.0,0.0,0.237948,0.48717758,0.7207874,0.23780426,1.6103916,0.0,0.2435675,1.04171,0.0024514198,0.49912465,0.2352874,0.84599334,1.1781076,0.0,0.0,0.0,0.34265405,0.02589841,0.0,0.0,0.0,0.23346114,0.47152394,0.0,0.13005672,0.47799835,0.0,0.10482738,0.0,0.0,0.0,0.0,0.0,0.29892552,0.0,0.7440709,0.0,0.0,0.0,0.5739056,0.0,0.0,1.0971615,0.38111028,0.32077372,1.681121,0.0,0.0,0.0,0.6374816,0.0,0.07245451,0.111193344,0.0,0.6141527,0.0,0.6549026,18
0.14991376,0.73251987,0.0,0.38715315,0.0,0.1786652,0.0,0.0,1.3115175,0.83724433,0.0,0.16653341,2.0637927,0.25677484,0.0,1.027756,0.56606317,0.9457674,0.0,0.6166686,0.967221,0.0,0.054230347,0.0,0.1778828,0.046621375,0.0075343996,0.8413608,0.0,0.19197863,0.0,0.0,0.18923587,0.0,0.0,0.0,0.0,0.0,0.0,0.24361345,1.4701056,1.4126114,0.0,0.646477,0.5152256,0.0,0.0,0.0,0.5859088,0.0,0.035891626,0.70701987,1.531591,0.0,0.0,0.0673019,2.6117017,0.41765526,1.0047227,0.0,0.0,0.0,0.0,0.0,0.36170366,0.87205565,0.0,0.0,0.027314719,0.0,0.0,0.45094252,0.0,0.0,0.0,0.0,0.34600666,0.0943897,0.08821104,0.6929748,19
0.07969993,0.0,0.0,0.020186985,0.3979374,0.2618193,1.2260952,0.05377558,0.0,0.34075725,0.0,0.017651033,0.0,0.22969739,0.276919,2.184113,0.40134645,0.20462799,0.0,0.24404033,0.6947892,0.0,0.0,0.21428925,0.72960466,0.0,0.56980467,0.29946125,0.0,1.3076601,0.31198466,1.0887393,0.0,0.7547661,0.018061614,0.4688431,0.7942486,2.3601463,0.0,0.7850788,0.08406718,0.034195423,0.2152794,0.06572127,0.0,1.010432,0.012230108,1.0826893,0.0,0.0,0.15692374,0.19518656,0.20606017,0.0,1.3661993,0.0,0.0,0.0008334629,0.025915414,0.70008695,0.0,1.7976313,0.0,0.0,0.014430776,0.0,0.019794203,0.79569376,0.0792922,1.1808169,0.0,0.0,0.0,0.18362996,0.84920204,0.15181363,0.0,0.0,0.0,0.10742271,20
1.5987818,0.644294,0.7117015,1.6630872,0.94500864,0.08112403,3.5834637,0.19320153,0.21968463,0.3184703,0.6197871,0.38021117,0.0,0.0,1.6991466,3.5128741,0.7096015,2.1374373,1.8697914,0.3264632,0.4262963,1.6109083,1.0719737,2.4687018,0.0,0.32465842,1.2888691,0.4486136,0.0,0.15625992,1.8517303,0.80676055,2.9265633,0.7825926,0.9030998,0.16827473,0.76602256,2.1472225,2.5668955,0.0,4.9292984,0.07651067,0.0,0.0,1.9099777,0.00022304057,0.30739626,0.5407411,0.6657529,0.6473339,2.8298302,0.0,0.57026124,0.39471573,0.976173,0.84169555,0.80701613,0.25141716,1.7472079,1.203993,0.6359327,2.8456519,0.11518675,3.6924691,0.3138816,0.44681776,0.18520968,0.6719359,1.5656786,0.0,0.85545814,0.38073474,0.0,0.78472215,0.0,1.4448614,0.09894015,0.5648632,4.7405357,0.0,21
0.0,1.6418936,2.567115,0.0,0.7664143,1.7602965,0.0,0.24640593,1.0532053,0.61852425,0.31626746,2.0888464,3.0568523,0.2720337,0.42865998,3.5674691,0.0,0.9480881,0.0,1.1120713,0.9289308,0.0,0.0,0.18252873,2.2563593,0.0,0.56296307,0.0,1.4975696,0.0,0.22572777,0.26128888,0.0,0.0,0.73163277,0.0,1.692584,0.18647583,0.25538865,0.832075,1.6107129,0.12971272,0.0,0.0,0.2574885,0.0,1.9571851,0.52722406,0.0,0.07739799,0.0,1.1333412,1.3596228,0.0,1.100009,0.0,0.0,0.15631157,0.34213164,1.8919928,0.12123984,0.057692803,1.2852244,0.51532507,0.7053646,0.18320589,0.0,0.0,0.0,0.114904106,1.6977133,0.41928145,0.86757994,5.314843,0.0,0.7886158,0.45863193,0.24400607,0.0,0.40995693,22
0.0,0.0,0.22815888,0.118651435,0.20625038,0.0,0.0,3.5418487,1.6946797,0.07123491,0.18915702,0.0,2.6954548,0.8168107,0.47590524,3.1814077,0.5748075,0.20036781,0.0,0.0,0.75562245,0.0,0.0,0.0,0.0,0.0,1.3140798,0.40201184,0.0,0.0,0.69628066,0.0,0.0,0.042544663,0.24890465,0.0,0.7401645,0.0,0.3853653,0.0,0.9071648,0.55709416,0.0,0.0,0.0,0.0,0.50090736,0.0,0.9252445,0.0,0.02748742,0.0,0.9275993,0.0,0.0,0.71274614,0.0,0.0,0.080838054,0.0,0.0,0.0,0.0,0.0,0.12246337,0.48840168,0.0,0.73103726,0.18454808,0.019387452,0.0,2.196062,0.0,0.0,0.0,0.02508073,0.0,0.34826684,0.0,0.9687087,23
0.0,0.0,0.10143876,0.52806574,0.0,0.0,0.0,0.5756095,0.5759412,0.5945823,0.0,0.0,0.0,0.0,0.41003108,0.85146487,0.0,0.43089154,0.0,0.0,0.0,0.0,0.0,0.1847617,0.0,0.0,0.0,0.60788786,0.0,0.7938615,0.0,0.0,0.30729553,0.0,0.0,0.0,0.0,0.0,0.0,0.10926732,0.0,0.0,0.0,0.0,0.0,0.4118998,0.0,0.0,0.0,0.0,0.0,0.0,0.0,0.0,0.0,0.0,0.0,0.100277185,0.0,0.0,0.0,0.0,0.0,0.0,0.0,0.0,0.0,0.8017255,0.0,0.0,0.0,0.0,0.0,0.07105225,0.0,0.0,0.0,0.18402278,0.6843078,0.0,24
0.13187036,1.734833,0.06812578,1.317811,0.23704985,1.6675831,0.89056337,0.0,2.020193,1.3673248,0.0,3.2337322,2.2391205,0.19424011,0.51370454,1.8207855,0.3999087,0.0,0.10284362,0.24423847,1.2071164,2.6542637,2.0450177,0.2205252,0.0,0.84383965,2.5935786,1.6075118,1.3615782,0.032285552,1.0625086,0.26945692,0.748731,0.55486935,1.1750965,0.39496535,1.985431,0.7386533,0.43647978,0.0,2.474407,0.15303858,6.1632137,3.8548818,1.6541923,0.5826249,1.7450314,0.22265022,0.5530648,0.90874565,0.6615847,1.0100718,2.2757244,1.796206,0.060600966,0.9743947,0.42943484,1.7391007,0.5611967,0.7154997,0.3963235,2.6735306,0.0,4.6502333,1.1674341,0.8015119,0.12393665,1.2012572,0.11418656,0.5030781,0.3181147,0.2575803,1.4097753,0.0,0.0,0.2923721,0.0,1.4865587,1.1804235,1.7375361,25
1.2366931,1.3604436,0.87301874,1.4951407,1.1622912,2.6259856,3.1267982,0.30178875,1.2963543,0.7246418,1.3079541,1.0807371,1.2561567,0.7163282,3.3940852,3.0735757,2.0582848,1.4541554,0.56856495,0.83221865,0.047400385,0.02428476,1.601898,1.8892365,1.8910925,0.91764617,0.14553645,3.4900742,0.8982029,0.5981654,0.99124146,0.5571295,1.754451,1.0821302,1.4332418,2.3173547,1.4992782,0.26252094,0.9696734,0.93739486,2.6377292,1.4806287,0.41829756,1.5442252,1.5860673,2.008963,2.6577508,0.6193425,0.3967656,2.5866513,0.9455409,0.24643555,0.0018825651,0.9195329,3.1016865,0.4108461,2.8138957,0.27573723,1.7783339,2.9091382,3.0883417,1.8654683,0.37187147,0.26023832,0.20613068,0.19500645,1.3980215,0.11076505,1.709172,2.4509912,2.0219507,1.5214754,2.3128452,1.9027871,3.195815,1.424654,1.0848391,0.17157993,1.1009471,0.562078,26
0.073932365,1.1908219,0.09435958,0.22034912,0.22933638,0.0,0.0,0.5553272,0.3612036,1.5729116,0.64091766,0.0,1.839687,0.038872164,1.1259327,3.113441,1.0197384,0.6733532,0.0,0.86948603,0.67908376,0.6005863,0.0,0.19309686,0.0,0.42012286,0.80808437,0.7309357,0.5818687,2.0496318,0.26435047,0.0,0.0,0.9348444,0.2904228,0.0,0.43211803,0.28621244,0.32614177,0.0,0.26841515,0.29786712,0.0,0.025915623,0.0,0.20939751,0.7045098,0.0,0.47160357,0.0,0.0014163628,0.041600376,0.95143545,0.0,1.0746452,0.10579425,0.0,0.0,0.29972792,0.0,0.7292178,0.0,2.4254003,0.36745918,0.61699414,0.0043385522,0.0,0.3750177,0.0,0.0,0.07631318,0.73600996,1.4744267,0.058541093,0.0,0.52332205,0.0,0.5705062,0.009286126,0.04625672,27
0.39588442,0.0,0.3885675,0.0,0.0,0.0,0.0,0.0,1.5190396,0.0,0.0,0.0,0.0,0.0,0.79419863,3.1019025,0.0,0.5734403,0.0,0.0,1.1976948,0.3321095,0.0,0.0,0.0,0.0,0.17818248,0.0,0.0,0.04178956,0.33762628,0.0,0.0,0.0,0.7434375,0.0,0.24103573,0.0,0.0,0.25417715,0.42107186,1.2889934,0.0,0.0,0.0,0.0,0.0,0.0,0.0,0.0,0.6520937,0.083810866,1.3911505,0.0,0.0,0.0,0.0,0.054815374,0.56317884,0.0,0.0,0.0,0.0,0.54742134,0.0,0.0,0.0,0.0,0.0,0.0,0.0,0.7777063,0.0,0.0,0.0,0.0025766194,0.0,0.0,0.0,0.0,28
0.08045891,0.9901315,0.0,0.17277774,0.0,0.0,0.0,0.0,0.12988712,1.0217524,0.91638416,0.1018679,0.0,1.4832547,0.0,1.9593158,0.0,0.0,0.0,0.0,0.56697285,0.0,0.0,0.20575343,1.8399745,0.0,0.36361125,0.0,0.0,0.0,1.0316412,1.6923673,0.0,0.0,0.0,0.13078403,0.0,0.8441764,0.0,0.58292145,0.38227308,0.0,0.0,0.08603716,0.0,0.0,0.21467566,0.0,0.0,0.0,0.22141802,0.6452259,0.2963751,0.4729998,0.0,0.0,0.21712804,0.0,0.0,0.12731886,0.0,0.0,0.0,0.0,0.2451292,0.3845337,0.2128976,0.703408,0.0,0.0,0.0,0.0,0.11420217,0.0,0.0,0.0,0.14018929,0.31974602,0.0,0.6808133,29
0.0,0.0,0.10204288,0.0,0.0,0.2635572,0.0,0.0,0.86384684,0.0,0.0,0.0,0.0,0.0,0.114409074,0.3183345,0.0,0.0,0.0,0.100604,0.0,0.0,0.0,0.0,1.2755718,0.0,0.0,0.0,0.0,0.05026591,0.4725346,0.0,0.0,0.0,0.0,0.0,0.57855165,0.0,0.0,0.7986991,0.95471835,0.29056793,0.0,0.0,0.0,0.30386615,0.22166374,0.0,0.0,0.0,0.0,0.08406639,0.0,0.0,0.0,0.0,0.0,0.0,0.0,0.0,0.0,0.0,0.0,0.0,0.0,0.0856705,0.0,0.62363076,0.008608639,0.0,0.0,0.0,0.0,0.0,0.0,0.0,0.0,0.0,0.0,0.0,30
0.0,0.13836667,0.0,0.0,1.281215,0.45608592,0.0,0.16698812,1.6205025,0.3003064,0.0,0.0,0.36831486,0.5777997,0.60041326,2.8573256,0.0,0.30862135,0.19521488,0.0,0.0,0.099938825,0.11660205,0.0,0.042798147,1.1834456,0.5349866,0.49393374,0.78678346,0.18728776,0.9103346,0.42955434,0.0,0.4000783,0.0,0.0,1.9274809,0.13540916,0.10506274,0.40765864,0.0,0.5254876,0.0,0.0,0.0,0.5791112,0.28116137,1.04844,0.3377189,0.4037864,0.0,1.5497433,1.283938,0.0,0.162284,0.0,0.08072995,1.4066416,0.0,0.0,0.004348876,0.14037973,0.4999991,0.0,0.24560207,0.18889865,0.2640222,0.0,0.0039490485,0.008037686,0.0,0.5968193,0.70036066,0.02936586,2.9172819,1.725702,2.191523,0.18504974,0.47046024,0.18090896,31
0.30893287,0.1307427,0.15528595,0.87166417,1.1459478,0.0,0.025819518,0.022720873,1.5302439,0.0,0.0,0.0,1.6946847,0.0,0.1253878,2.4079304,0.023602545,1.8416257,0.49613565,0.96523297,0.64227116,1.3462082,0.3030792,0.0,0.0073429295,0.0,0.6016724,0.415343,0.0,0.0,0.0,0.0,0.8531375,0.0,0.16862491,0.16764174,0.0,1.5217209,1.031236,0.45970017,0.0,0.5968938,0.0,0.0,0.0,0.0,0.05206453,0.09498523,0.27790606,0.57733667,0.0,0.0,1.5083737,0.0,0.116317295,0.300146,0.31227544,1.6357772,0.28173816,0.44094542,0.0,0.0,0.22275868,0.0,0.72287273,0.8146373,0.69597507,0.33203888,0.0,0.0,0.0,0.26638564,0.0,0.34144947,0.0,0.55016303,0.0,0.7600813,0.00022318626,0.23625861,32
0.09459832,1.0850983,0.0,0.14978653,0.05146134,0.0,0.0,0.23283792,0.585238,0.0,0.0,0.054453313,0.07411778,0.4633506,0.0,0.7983209,0.0,0.13647665,0.0,0.0,0.10112822,0.0,0.0,0.0,0.0,0.0,0.52525145,0.5114916,0.0,0.0,0.79111075,0.5606642,0.0,0.0,0.0,0.0,0.0,0.0,0.0,0.18923709,0.799241,0.41279587,0.0,0.0,0.0,0.0,0.0,0.0,0.19215882,0.0,0.0,0.0,0.0,0.0,0.0,0.0,0.09310036,0.44349903,0.0,0.0,0.11212456,0.0,0.0,0.0,0.52824473,0.22031665,0.0,0.0,0.0,0.0,0.0,0.4519726,0.0,0.0,1.4737062,0.0,0.0,0.0,0.0,0.06341659,33
0.4214147,0.19606444,0.09695414,0.11009845,0.11449987,0.0,0.0,0.043690283,2.03077,0.7246913,0.0,0.0,0.560092,0.017180227,0.059797637,2.1889954,0.0,0.0,0.0,1.0253258,0.0,0.07513974,0.0,0.0,0.0,0.0,0.2617969,0.10433222,0.0,0.029797178,0.674836,0.0,0.0,0.1659285,0.2090128,0.0,0.0,0.0,0.0,0.0,0.8224509,0.0,0.51888406,0.0,0.185373,0.81142247,0.0,0.0,0.020671666,0.70705825,0.0,0.0,0.0,0.36771405,0.004102454,0.0,0.17342424,1.5405794,1.0061274,0.0,0.0,0.28967923,0.35093865,0.0,0.0,0.14712709,0.508049,0.04276472,1.0951077,0.0,0.0,1.2918704,0.0,0.0,0.01739222,0.021250376,0.0,0.0,0.33676502,1.6720325,34
0.6134781,0.0,0.0,0.89020205,0.540138,0.06886386,0.0,0.0,1.6850973,0.61399376,0.6737099,0.30252653,3.0230966,0.020756863,1.020603,2.6495879,0.0,1.2091844,2.3823135,0.61653507,2.4185658,0.0,0.0,3.659138,0.0,0.06466758,0.0,0.3020209,1.0316828,0.0,0.0,0.1671767,0.0,0.0,0.0,0.0,0.0,0.034790464,0.11711292,2.5090048,0.6969388,0.8208536,0.0,0.35119915,0.91736984,0.0,0.1902943,0.027664343,0.0,0.030294979,0.15724474,0.0,1.0094252,0.0,0.0,0.0,0.0,0.34026152,0.0,1.7641995,0.0,1.9644057,0.0,0.0,1.2454573,0.0,0.0,0.0,0.5224959,0.0,1.0081468,0.57809824,0.0,1.149736,0.04024478,0.0,0.0,0.08593953,0.0,0.0,35
0.037289772,0.0,0.87683034,0.050831977,0.0,0.008498311,1.0069252,0.08605653,1.4351758,0.28037035,1.3003132,0.0,0.15565927,0.0,0.7851194,2.4926276,0.0,0.0,0.0,0.5336652,0.0,0.0,0.39341313,0.28494418,1.5608897,0.0,0.8239895,0.0,0.2705556,0.3498392,0.06857315,0.0,1.9422219,0.0,0.0,0.0,0.0,1.2587477,0.48442748,0.27441,0.0,0.75323653,0.0,0.0,0.0,0.0,0.07101098,0.0,0.54822093,0.0,0.0,0.0,0.51318926,0.0757853,0.0,0.0,0.0,0.0,0.08505714,0.0,0.0,0.0,0.33222145,0.068182856,0.1056976,0.43981847,0.2994969,0.0,0.010321703,0.0,0.0,0.92060316,0.0,0.13737255,0.19566177,0.51382715,0.0,0.22594376,0.12968978,0.12977405,36
0.0,0.49810922,1.0563233,0.96627825,0.61430645,0.5266925,0.36665455,0.0,1.1519613,0.0,0.0,0.0,0.13360874,0.0,0.3761123,2.1034203,0.16983984,0.025840074,0.5814365,0.0,0.0,0.37663552,0.1525768,0.0,0.0,0.0,1.2823498,0.75945705,0.11216423,0.70996493,0.18825996,0.0,0.0,2.8410754,0.043640986,2.0821893,0.21759084,0.0,0.0,0.0,0.0,0.58983743,1.8965864,0.0126036005,0.0,0.5205446,1.557593,0.0,0.4566259,0.75153357,0.012610208,0.98699844,0.7457591,0.009748032,0.48876026,0.27596807,0.64390343,0.3935803,0.07918382,0.0,0.0,0.0,0.066141754,3.0335708,0.0,0.62873375,0.0,1.3632753,0.0,0.9086977,0.0,0.6754979,0.013033884,0.32105112,0.1123281,0.0,0.0,0.0,0.0,0.5883818,0
0.86789393,0.0,0.5211994,0.028598323,0.20883343,0.42081645,1.4182336,0.63879293,0.95670474,1.4398792,0.093872465,0.50891167,0.17195857,2.1006498,0.2893147,2.7556472,2.1835089,0.49149692,0.0,1.2851954,0.0,0.034652416,0.008270733,0.0,0.8309906,0.0,1.4157866,1.6945843,0.0,0.025195248,0.78426325,0.0,1.101805,1.3342993,1.3791645,0.0,0.3859735,1.6345253,0.010643472,0.103209354,3.1805959,0.39162645,0.12842694,0.0,0.5707694,1.2133052,1.0530226,1.2482324,0.024227867,2.9154806,0.6141732,0.0,3.2882836,1.078669,1.2557753,0.0,0.20205852,0.148628,0.19316563,0.0,1.0620387,0.0,0.4062919,0.0,0.0,0.586771,0.4667946,0.8359451,0.6411181,0.0,0.9694694,0.0,0.31022298,0.54865474,0.64681953,4.3103952,0.011112928,0.5721283,0.38204172,0.0,1
0.18072364,0.0,0.15529837,0.2682155,0.0,0.0,0.0,1.3379209,0.0,0.21980144,0.0,0.2119624,0.86711735,0.40094712,0.0,1.2079558,0.0,0.109538585,0.0,0.0,2.7714853,0.0,0.0,0.0,0.608775,0.0,0.0,0.0024912967,0.0,1.6672032,0.33434188,1.6838224,0.0,0.084086716,0.0,0.52021766,0.0,0.022490352,0.0,0.6859722,0.0,0.0,0.0,5.274107,0.41654754,1.3435607,0.0,0.0,0.0,0.0,0.2503031,0.9169117,0.07738811,0.0,0.34413022,0.0,1.2735889,0.0,0.0,0.0,0.0,0.9519095,0.0,0.0,0.0,1.1328139,0.01159142,0.0,0.21606371,0.0,0.0,0.0,0.0,0.0,0.0,0.0,0.15554827,0.0,0.09081801,2.4298782,2
0.0,0.0,0.03859629,0.5567859,0.0,0.22760695,0.0,0.0,0.21948239,0.0,1.1752671,0.2654801,0.14204627,0.12932119,3.3780181,4.040778,0.0,0.85731816,0.0,0.0,0.97784597,0.6642243,1.6282609,0.0,0.0,0.6207251,0.80874467,1.276276,0.3111508,0.25352627,0.8600784,0.32540396,0.37627172,0.0,0.0,0.0,5.026345,0.0,0.35708904,0.08012384,0.0,0.46264818,0.91206264,0.0,0.0,0.0,0.0,0.0,0.4769887,0.014381483,1.0597428,0.04364331,0.3179341,0.0,0.0,2.868391,0.0,0.21740659,0.75676143,0.6083323,0.47861847,0.52850693,0.0,0.41845554,0.0,0.09680644,0.06684747,0.0,0.0,1.0526286,0.31279653,0.7148872,1.5594578,0.0,0.9586272,0.43616188,1.5411415,0.20377213,0.18569578,0.29313147,4
0.0,0.8934117,0.37608743,0.0,1.051158,0.0,0.0,0.019042104,0.6243604,0.8602429,0.0,0.6932212,0.9280904,0.013840455,0.044875517,1.4900255,0.0,1.2180736,0.13740385,0.0,0.0,0.24973008,0.0,0.14073296,0.017600477,2.6415672,2.0795135,0.08549032,0.0,1.4230202,0.34454447,0.0,0.0,0.0,0.96575177,0.0,2.5533547,0.258484,0.25391823,0.0,4.378364,1.4605037,0.0,0.0,0.0,0.0,1.6641465,0.0,0.0,0.0,0.0,0.75832283,1.4408286,0.47213948,0.09357831,0.0,0.0,0.17064005,0.22197652,0.58817166,0.4832964,0.0,0.0,0.0,0.7070221,0.30806196,0.103515476,0.3626851,0.0,0.0,1.5781386,1.1416755,0.47068784,0.0,0.0,0.18430519,1.7537271,0.70324683,2.3057404,1.2610081,5
0.56496024,1.2311981,0.0,0.0,0.87919164,4.25719,0.20966724,2.5296774,1.1992843,0.63205355,0.14242446,0.33022708,1.6092461,0.0,0.054634713,2.3233483,0.382019,0.34937215,0.0,0.0,0.23203565,0.41778558,0.0,0.0,0.44852704,0.010349475,0.25603333,0.0,1.5288126,0.0,1.3255782,0.07255598,0.1554175,1.1446658,0.21703179,3.072615,0.48446274,0.0,0.084663525,0.0,0.16320454,0.677176,0.6400395,0.0,0.0,0.16243306,0.12485966,0.4685142,0.51073104,0.0,0.3389756,0.88196266,0.2593661,0.35597917,0.7666043,0.2549674,0.011993095,2.2093868,1.3009504,1.2937381,1.518155,0.08806537,0.097063124,3.495083,0.7259935,0.2330539,0.37847584,0.45663002,0.0,0.0,0.22376634,0.032212883,1.3760669,0.2951394,0.0,0.19254847,0.0,0.6715088,0.0,0.0,6
0.23378798,0.4907544,0.0,0.40175,1.1651278,0.0,0.0,0.0,0.5818447,0.0,0.0,0.19678101,0.97676444,0.5936444,0.036146518,2.551363,0.5547886,0.0,0.6676105,0.15040031,0.0,0.07927419,0.0,0.18717901,0.08410324,0.4437789,0.009732418,0.0,0.0,0.0,1.1824887,0.0,0.37723044,0.0,0.11288592,0.0,0.0,0.0,0.0,0.0,0.13066348,0.0,0.0,0.0,0.2003891,0.0,0.30027843,0.0,1.2868495,0.0,0.20466973,0.0,0.2581295,0.26376468,0.0,0.0,0.476248,0.0,1.02421,0.0751296,0.21812686,0.0,0.35571182,0.0,0.76400423,0.29761887,0.0,0.0,0.0391254,0.0,0.0,1.0469124,0.0,0.14095987,0.0,0.0,0.0,0.0,0.11309179,1.5777408,7
0.92571175,0.0084501505,0.92548287,0.8400863,0.0,0.0,0.0,0.6984862,1.4195106,0.0,0.0,0.0,0.0,0.1693762,0.0,1.4102064,0.11240819,0.25239253,0.0,0.0,0.79000187,0.0,0.0,0.0,0.0,0.0,0.054911584,0.0,0.0,0.0,0.0,0.0,0.0,0.0,0.0,0.0,0.0,0.0,0.0,0.0,0.0,0.0,0.0,0.049772978,0.0,0.0,0.0,0.0,0.0,0.0,0.03446418,0.29703748,1.4224828,0.0,0.0,0.0,0.0684253,0.0,0.3729157,0.0,0.0,0.0,0.2731784,0.0,0.0,1.1306486,0.0,0.0,0.0,0.0,0.0,0.44342476,0.33528748,0.0,0.0,0.0,0.0,0.0,0.0,0.0,8
0.0,0.0,0.0,0.10106993,0.0,0.0,0.0,0.0,1.8800955,0.37980294,0.31980392,0.0,1.5709357,0.158076,0.0,1.6830441,0.20287225,0.6462034,0.0,0.0,2.5839734,0.0,0.0,0.0,0.0,0.0,1.5241308,0.26064062,1.3902267,0.29108283,0.0,0.0,0.0,0.0,0.25949872,0.0,0.28413892,0.0,0.0,0.0034554303,0.0,0.8806208,0.0,0.9644675,0.0,0.0,0.22005796,0.0,0.0,0.0,0.0,1.1903778,0.89738184,0.0,0.0,0.0,0.0,0.07713957,0.51286644,0.0,0.0,0.0,0.0,0.9006876,0.0,0.26331943,0.0,0.0,0.0,0.0,0.0998362,0.56298125,0.19584787,0.0,0.0,0.0,0.0034721931,0.0,0.0,0.057321146,10
0.0,0.0,0.7243099,0.0,0.0,1.4248562,1.3364602,0.753359,0.06036988,0.023625076,0.0,0.0,0.0,0.0,0.0,1.6180084,0.30536968,0.0,0.0,0.0,0.0,0.0,0.0,0.0,1.3958126,0.0,0.5105612,0.0,0.0,0.0,0.8718072,0.0,0.0,0.5858282,0.0,0.0,0.10822058,0.0,0.0,1.3848774,0.15279517,0.0,0.0,0.0,0.0,1.7450372,0.20288855,0.15970847,0.0,0.0,0.6219572,0.1606648,0.5636071,0.28672713,0.0,0.3820266,0.0,0.0,0.2806659,0.0,0.0,0.36152446,0.0,0.0,0.0,1.0973828,0.07941273,0.0,0.0,0.0,0.0,0.15049309,0.21805054,0.0,0.035426915,0.121825784,0.0,0.0,0.11238089,0.0,14
0.15530014,0.9549829,0.20377469,2.3464186,0.9815312,0.5020869,0.6400416,0.0,1.5227277,0.43018892,0.9541795,0.12357556,2.4622974,0.78436637,3.0369306,3.0547857,0.0,1.4397831,2.835864,0.36842498,0.0,0.5999018,1.1076524,1.9903903,0.3748548,0.055565987,0.0,1.7888163,0.3011972,1.963481,1.0598481,0.28867528,2.0404382,1.3371227,0.93248844,0.15227868,4.003816,1.4294086,1.0670524,0.21863231,1.594604,3.5779452,2.431034,0.4018861,0.35806912,0.5080745,0.7933022,0.9691815,0.83215654,2.743466,1.9971318,0.83593255,0.63437486,0.30406976,0.9276253,1.4389963,0.7529717,1.2016838,0.9988803,0.4852042,0.16172203,0.0,0.0,1.406625,0.8456526,0.0,0.4649675,2.7528133,0.0,0.83728266,0.4200039,0.95847917,1.7217366,0.0,1.0351865,0.59316194,3.525189,0.0,3.1703048,1.5315268,15
0.285192,1.813446,0.56458545,0.17906249,0.87034833,0.8255985,0.715765,0.0,1.3993727,0.7969947,0.0,0.026985768,3.969441,0.0,3.3997135,4.148591,0.0,1.3753133,0.0,0.0,0.6810403,2.240997,0.8289571,0.9781886,0.66891426,2.0891786,1.3768603,0.20468128,0.74407303,1.3497636,1.6855314,0.17166291,0.7168614,1.8304975,0.73045254,1.8465302,0.90004826,1.8796248,1.8431017,0.0,2.5704176,2.09444,0.57156676,0.0,0.43574327,1.3736174,0.17875178,1.136294,0.16142519,0.29538438,0.0,0.013359904,0.45494118,1.4582825,0.0,0.0,0.0,1.4167156,0.52038336,0.8204944,2.491983,1.2800169,0.7155924,1.367491,0.14975417,0.30115455,1.6644807,0.5155534,0.18100159,0.8809741,0.88147616,0.6544042,1.6973248,0.0,0.6438726,2.0392313,0.9363832,0.17456926,0.4469424,0.8583882,16
0.79482776,0.3672055,0.15554918,1.1065404,0.45369017,0.01552546,1.0424784,0.0,1.0837226,1.6093451,0.18105292,0.16866201,0.45238033,0.54605246,1.3300143,2.7943292,0.7820128,0.85259056,0.057350464,0.7249925,0.0,0.7596117,0.0,0.09181986,0.8498814,0.0,1.7609273,1.0483093,0.0,0.0,1.6977772,0.26158258,0.11577903,1.7159653,1.1714284,0.79047835,0.0,0.5715755,0.33078772,0.0,3.8379588,1.1796405,2.0888221,0.0,0.75210255,0.6730419,0.02143852,0.06611893,0.29946727,0.0055467817,0.43043476,0.0,1.5071212,0.6412832,0.39783964,0.2844215,1.1961479,1.1437954,0.0,0.79606384,0.75797194,1.8609564,0.19716157,0.20685428,1.449127,0.45403907,0.0073639415,0.7406615,0.30097038,0.09124019,0.0,0.6434134,0.0,0.37728274,1.1671364,0.64443195,0.0,1.7564008,0.28255478,0.30343658,17
0.0,0.0,0.0,0.0,0.74780667,0.0,0.0,0.9226961,0.0,0.0,0.7360598,0.0,0.0,0.0,0.0,1.5542734,0.0,0.0,0.0,0.0,0.83119535,0.0,0.20055294,0.0,0.0,0.07350862,0.0,0.3684525,0.0,0.9807871,0.49984172,0.54413664,0.0,0.0,0.0,1.0167444,0.0,0.0,0.0,0.39891112,0.08173025,0.0,0.0,0.0,0.0,0.0,0.24151012,0.0,0.0,0.0,0.0,0.0,0.0,0.0,0.0,0.0,0.0,0.0066031963,0.01788564,0.88029766,0.0,0.29267007,0.10406375,0.0,0.0,0.32032293,1.0294526,0.20006979,0.13902669,0.0,0.0,0.0,0.0,0.0,0.0,0.0,0.0,0.0,0.16931006,0.0,18
0.15485114,0.41308588,0.87216914,0.0,0.0,0.0,0.0,1.4210787,0.6686103,0.83470905,0.0,0.0,0.18671736,0.0,0.03727047,2.1714122,0.0,0.60773444,0.0,0.0,0.9916892,0.36854467,0.0,0.0,0.0,0.0,1.2394738,0.0,0.0,0.79031867,0.0,0.0,0.0,0.0,0.0,0.0,0.06815262,0.0,0.0,0.5803455,0.59693897,0.058786184,0.0,0.12257761,0.0,0.0,3.2481732,0.0,0.0,0.0,0.0,0.46114767,0.25773424,0.0,0.0,0.0642432,0.0,0.35859743,0.048208296,0.0,0.0,0.0,0.21605474,0.0,0.0,0.35073444,0.0,0.0,0.0,0.0,3.249128,1.4243784,0.0,0.0,0.0,0.0,0.0,0.47024637,0.0,1.1397114,19
0.18820964,0.0,0.036269993,0.2549138,0.254473,0.714809,0.66299504,0.27842885,0.91911536,0.0,1.2795025,1.6918108,0.65742254,0.041490704,0.41606945,0.46020618,0.75839037,0.06799767,0.034986496,1.6209359,2.2581737,0.0,0.8394799,0.1948793,0.0,0.24900833,0.0,0.6426304,0.341116,0.5294986,0.0,0.12299376,0.0,0.022990525,0.5000515,0.0,2.0973153,0.5780201,0.0,3.2515066,1.7017751,0.2902894,0.0,2.612139,0.0,0.0,0.8323882,0.0,0.15768667,0.0,0.0,0.0,0.0,0.12537856,2.7261164,0.0,0.0,0.020048529,0.11222012,0.33294433,0.41851458,0.0,0.6042688,0.1917813,0.29727107,0.0,0.0,0.12216273,0.84405965,1.9247682,0.12295306,0.70321655,0.5244851,3.2007914,0.07862553,0.74043375,0.0,0.14649168,0.0,0.22160867,20
0.64443827,2.4555428,3.6098757,0.9684187,1.7040043,0.9605756,2.1748471,0.34726262,0.44793794,1.3520074,3.4393363,0.28301066,1.4801304,0.3999562,0.16212076,4.381319,0.69160837,1.2824233,1.4627113,0.55609393,0.0,0.33367792,3.055428,3.009497,1.2211465,0.3809162,1.7639292,2.3198948,0.13055521,0.0,0.64616543,0.0,3.221177,1.2119623,1.8606169,0.43662754,3.52662,0.38493726,1.1556494,0.59286106,3.8792388,0.0,0.9644782,0.0,2.3401527,2.8461347,2.837199,0.49794257,0.90787697,1.6907035,1.6002927,0.0,1.5213737,0.0,0.5575681,2.2302346,2.706996,0.07295385,1.5150347,0.014267641,1.0416465,0.8315107,0.83864504,0.6599646,1.3419898,0.5286988,1.2588502,1.286077,1.7062832,0.14617373,0.38593203,0.86865675,0.76681197,0.030375993,2.217532,2.1638258,0.7853867,2.6672719,1.8179836,0.6496809,21
1.5552198,1.2546312,0.506303,0.024888659,0.40505826,1.417091,1.413312,1.4660141,0.9497102,0.52792025,0.49760672,0.60647345,1.2358017,0.57876825,2.7342026,3.693007,0.3619221,1.4393988,0.23129454,1.1768597,0.0414624,1.3931842,1.8324323,0.0,0.31544536,0.49288347,2.6592329,1.2670727,1.5567985,0.30989558,1.1873475,1.1479824,0.69726205,1.0002129,0.20280711,4.2298155,0.8826762,1.911268,0.6152761,0.82468224,1.8628398,2.059626,0.6879337,0.05289968,0.13413851,0.6081405,0.6895782,0.019248696,1.2103243,1.0826243,0.24269709,1.0010116,0.41865283,0.63303435,1.8344059,0.2655146,0.0,1.1979935,0.6449803,2.609704,2.3807752,0.12772745,1.5356989,3.8579683,0.25547644,1.2515404,0.8275299,0.4562847,0.53607744,0.6991349,2.2694395,0.65997493,2.3704524,3.3436148,0.874649,1.0122569,0.9781207,0.33408785,0.45524803,1.2231834,22
0.57195425,0.4975016,0.436657,1.2431203,0.0,0.29443893,0.0,1.755463,1.4043067,0.04462473,0.0,0.0,1.3452421,0.24700138,0.3483298,0.6898777,1.382609,0.0,0.011008471,0.8593291,0.68334615,0.0,0.0,0.0,0.24026828,0.0,0.898072,0.0,0.0,0.0,0.5864785,0.0,0.0,0.0,2.0445914,0.0,0.0,0.0,0.0,0.012350066,1.1850244,0.7806755,0.0,0.4950893,0.0,0.0,0.060462758,0.0,0.33880368,0.0,0.0,0.20937276,0.5258622,0.15245825,0.0,0.0,0.0,0.669839,0.514169,0.42290503,0.0,0.0,0.0,0.0,0.117106065,1.3283978,0.88861,0.0,0.0,0.0,0.091064155,1.1273274,0.0,0.0,0.3375321,0.0,0.008281544,0.2632156,0.07302758,0.5516901,23
0.0,0.0,0.0,0.0,0.0,0.15692362,0.0,0.0,1.7610624,0.23830275,0.0,0.0,1.104422,0.0,2.795198,1.8170663,0.0,0.0,0.0,0.0,1.929981,0.042213872,0.0,0.0,0.0,0.0,0.0,0.0,0.0,0.06434801,0.807909,1.0582006,0.0,0.0,0.0,0.0,0.29033345,0.0,0.0,0.16304377,0.86025816,0.48762894,0.0,0.18905199,0.0,0.0,0.0,0.1462281,0.3472824,0.0,0.0,1.0809914,0.0,0.0038244182,0.0019388795,0.0,0.0,0.24633309,0.029270338,0.7644843,0.0,0.0,0.0,0.0,0.67529994,0.0,0.0,0.0958263,0.0,0.08379811,0.0,0.83317626,0.0,0.0,0.0,0.0,0.0,0.0,0.0,0.0,24
0.015121812,2.9392996,0.22451971,1.8775146,0.0,1.1327345,0.54737926,0.0,1.4868557,1.5707555,0.0,1.7293332,0.14042448,0.0,0.40043288,3.4780498,1.4234895,0.9546602,0.74535406,0.8465457,0.80154306,0.1301406,0.15212508,0.48298004,0.58703023,5.3756986,2.4743319,1.2612431,0.96662694,0.4222649,1.0843136,0.0,0.482979,0.07524438,1.6554519,0.23991005,1.0636002,0.9867326,0.97610295,0.92608607,2.846838,0.5389633,0.94112504,0.0,1.8365679,0.23087525,1.1921548,0.34408098,0.0,0.8766586,2.0868168,0.53053176,2.8330543,2.1035187,0.20245515,0.0,2.2546816,0.12022266,0.18909809,0.20416433,0.0,1.610172,0.21094224,0.33723855,0.31821173,2.48576,0.23293269,0.35995108,0.62157935,0.11835773,0.0,1.040035,0.40364528,0.0,0.27953124,1.2178516,0.0,0.08108911,0.26119095,0.7028251,25
0.0,0.0,0.20902112,0.6702468,0.7229637,0.0,0.0,0.19887114,1.5813885,0.0,0.0,0.0,1.6557398,0.0,1.216054,1.4099228,0.0,0.88009816,0.05731505,0.0,1.2080824,0.0,0.0,0.0,0.0,0.0,0.59879947,0.93239284,0.0,0.0,0.0,0.0,0.0,0.0,0.0,0.0,0.0,0.0,0.0,0.2092224,0.0,2.1928365,0.276241,2.2821648,0.0,0.0,1.2992506,0.0,0.0,0.0,0.0,1.0500648,0.0,0.0,0.0,0.0,0.0,0.19850245,0.5718504,0.0,0.0,0.0,0.0,0.0,0.0,0.0118016,0.0,0.0,0.0,0.34552237,0.0,0.90780485,0.4353699,0.0,0.31310984,0.14560169,0.0,0.0,0.15180671,0.0,26
0.8998631,0.0,0.0,0.0,0.62462056,0.0,0.35851502,0.0,0.0,0.5275481,0.4054224,0.054321706,0.0,0.6998501,0.0,1.3368804,0.0,0.15374829,0.0,0.0,0.7772972,0.0,0.0,0.0,0.48149478,0.0,0.19102226,0.0,0.0,1.7254109,1.2245647,0.29865664,0.0,0.2892673,0.0,0.044725,0.0,0.6113521,0.0,0.5898217,0.10722013,0.0,0.0,0.111314654,0.0,0.84468246,0.0,0.86041075,0.0,0.0,0.38091397,0.2190671,0.0,0.0,0.0,0.0,0.0,0.08695468,0.024544299,0.0,0.0,0.0,0.0,0.0,0.0,0.0,0.0,0.8144108,0.0,0.6271654,0.0,0.0,0.4816773,0.0,0.0,0.0,0.0,0.0,0.0,0.3067186,27
0.0,0.0,0.0,0.0,0.07460342,0.0,0.7471018,0.0,0.0965133,0.065318644,0.0,0.0,0.06430867,0.0,0.26152927,2.1737761,0.0,0.0,0.0,0.0,0.0,0.0,0.0,0.0,1.0328046,0.0,0.10854375,0.0,0.0,0.60924256,0.0,0.0,0.0,0.42593127,0.0,0.0,0.12741745,0.0,0.0,2.0290344,0.0,0.0,0.0,0.0,0.0,0.73664,0.22207992,0.0,0.8306995,0.0,0.0,0.0,0.333898,0.0,0.8603687,0.0,0.0,0.0,0.0,0.0,0.0,0.0,0.0,0.0,0.0,0.0141261965,0.0,0.0,0.0,0.0,0.0,0.5188497,0.06902471,0.3228233,0.12687695,0.0,0.0,0.0,0.0,0.0,28
0.0,0.0,0.0,0.03703113,0.041864038,0.18597706,0.0,0.0,1.0181934,0.2688361,0.3344319,0.60723567,5.6427383,1.4925904,0.2604911,1.8942487,0.14309603,1.7320957,0.0,0.0,3.2259822,0.45255333,0.0,0.0,0.0,0.0,0.0,0.8095399,0.030411929,0.3242855,0.22158617,0.06545798,0.0,0.0,0.0,0.0,1.5774515,0.0,0.0,0.0,0.2434482,0.43800756,0.2668706,0.66555095,0.0,0.0,0.1613816,0.0,0.0,0.0,0.0,0.80282897,2.5297987,2.2482438,0.0,0.708768,0.0,1.5563116,0.41919866,0.25936455,2.0739095,0.0,0.031074554,0.67097986,0.466395,0.0,0.0,0.0,0.0,0.0,0.0,0.29246745,0.0,0.0,0.0,0.36630303,1.0606639,2.4089146,0.0,0.2733568,29
0.0,0.0,0.0,0.06430063,0.0,0.0,0.0,0.0,0.53262013,0.0,0.0,0.0,0.0,0.0,0.0,0.6704848,0.0,0.0,0.0,0.0,0.0,0.0,0.0,0.0,0.0,0.0,0.0,0.0,0.0,0.24377903,0.031116992,0.0,0.0,0.0,0.0,0.0,0.0,0.0,0.0,0.0,0.0,0.0,0.0,0.0,0.0,0.0,0.0,0.0,0.0,0.0,0.0,0.0,0.0,0.0,0.0,0.0,0.0,0.0,0.25241482,0.0,0.0,0.0,0.0,0.0,0.048571017,0.0,0.0,0.0,0.0,0.0,0.0,0.0570333,0.0,0.0,0.0,0.0,0.0,0.0,0.0,0.0,30
0.48754212,0.36435655,1.3981878,1.3408961,0.088530496,0.3589144,1.4210398,1.0173986,1.3558655,0.54981184,0.9508481,0.33289814,2.0447872,0.33879104,0.010337148,2.9294202,4.048877,1.1388016,1.5762973,0.7851092,1.3523711,0.72927034,1.1194656,0.5120042,0.0,0.7859756,0.8864792,2.1797132,0.0,2.3766837,0.16531293,0.0,2.8646345,0.8558336,1.0222135,0.0,0.67278755,1.2735062,0.0,0.46202597,0.62121075,0.6453204,0.5483183,0.09468837,1.0074325,2.8434615,0.87134546,0.0,0.5366665,3.349225,0.0,1.3580582,2.1941226,0.31820658,0.69969004,2.342285,0.939739,0.2607003,0.22681703,0.0,0.0,0.0,0.6298314,0.94112086,1.6304376,0.0,1.0026033,0.0,1.0365874,0.00970219,0.0,1.4566051,1.476172,0.0,0.98816025,1.1732758,0.8106947,1.9602306,0.11096047,1.623941,31
0.06401761,0.0,0.0,0.44980767,0.41410142,0.0,0.0,0.80864763,2.3023167,0.0,0.0,0.0,0.5513184,0.0,0.16984479,1.6753689,0.0,0.27773458,0.0,0.0,1.7414086,0.0,0.0,0.0,0.0,0.0,0.0,0.0,0.0,0.0,0.6127215,0.0,0.0,0.0,0.0,0.0,0.0,0.0,0.0,0.0,0.0,0.019940764,0.0,2.8407164,0.0,0.0,0.0,0.0,0.0,0.0,0.0,0.75247204,0.0,0.0,0.0,0.3215046,0.0,0.31273597,0.495883,0.0,0.0,0.0,0.0,0.0,0.0,0.0,0.0,0.0,0.0,0.0,0.0,0.59485716,0.0,0.0,0.0,0.0,0.0,0.0,0.0,0.591481,32
0.1291214,0.24781096,0.0,0.06461394,0.6526036,0.98984885,0.16402304,0.59033823,0.0,0.3385983,0.0,0.0,0.0,0.0,0.0,2.3758156,0.0,0.08038747,0.34636715,0.097859204,1.2468853,0.44159204,0.0,0.00377352,0.0,0.0,1.0281268,0.47151664,0.0,1.1759611,0.3848935,0.27824286,0.9838624,0.8102696,0.4520002,0.221748,0.099503994,0.44685772,0.0,0.0,1.0888758,0.23990145,0.0,0.0,0.08550711,0.57834756,0.029746354,0.63310945,0.0,0.19485758,0.10188583,0.16402566,0.0,0.019874714,0.75951195,0.0,0.36277986,0.3460177,0.0,0.31012958,0.0,3.186195,0.0,0.0,0.5700966,0.3256782,0.11302935,0.0,0.5307769,0.0,0.5114151,0.05377531,0.0,1.5968757,0.0,0.07038537,0.0,0.0,0.38711256,0.0,33
0.0,0.050729156,0.06309757,0.79053295,0.901473,0.0,0.0,0.0,0.2948079,0.34523684,0.0,0.0,0.0,2.8157153,0.050018504,2.7148683,0.0,0.0,0.0,0.38692138,0.0,0.0,0.0,0.20812951,0.41743505,1.4237323,1.0373144,0.041639745,0.019369066,0.0,0.845444,0.5306537,0.67172265,0.0,0.28315365,0.7358353,0.0,1.1207215,0.0,0.72405905,0.0,0.0,0.0,0.0,0.0,0.0,0.0,0.0,0.3256008,0.44717863,0.10018447,0.33201405,0.27455425,0.0,0.10098311,0.0,0.0,0.0,0.34732157,0.0,0.0,0.14335757,0.0,0.0,0.3329931,0.4265921,0.7837278,0.60880405,0.0,0.0,0.0,0.0,0.0,0.0,0.0,0.0,0.0,0.0,0.14749463,0.30351397,34
0.4561834,0.0,1.2045708,0.31656256,0.055689722,0.035980422,0.48491535,0.15866843,2.467121,0.060236905,0.0,0.68941104,0.19064225,0.12211174,0.9295032,0.95306134,0.26673037,0.6021743,1.1723825,0.0,2.5578613,0.0,0.0,0.4560858,0.0,0.20689368,0.22844225,0.29665998,0.29372656,0.22971842,0.0,0.0,0.121671595,0.21714546,0.25723562,0.0,0.0,0.21882209,0.22160858,0.22139896,1.1456938,0.08253708,0.116989024,2.3779383,0.0,0.0,0.22871996,0.0,0.31579158,0.80711734,0.66834795,0.7245738,1.0882984,0.0,0.54388857,0.008644146,0.4296424,0.049780186,0.044489034,0.10886513,0.12466602,0.0,0.2620884,0.0,0.0,0.0,0.014599693,0.6164911,0.0,0.0,0.0,0.31357616,0.0,0.3686067,0.3660934,0.0007202067,0.0,0.23377377,0.10225987,0.95925087,35
0.0,0.0,0.0,0.0,0.2571026,0.0,0.0,0.0,0.17376241,0.28568804,0.0,0.0,3.7239537,0.0,0.31470236,0.38655344,0.0,0.0,0.0,0.0,1.5661424,0.0,0.0,0.0,0.0,0.0,0.0,0.0,0.0,0.0,0.06007585,0.0,0.0,0.0,0.0,0.0,0.0,0.0,0.0,0.0,1.1217586,0.42543423,0.9394413,0.6107657,0.0,0.0,0.47630888,0.0,0.0,0.0,0.0,0.0,0.028590947,0.0,0.0,0.0,0.0,0.916619,0.20887783,0.0,0.0,0.0,0.0,0.0,0.0,0.0,0.0,0.0,0.0,0.0,0.0,1.7877578,0.0,0.0,0.0,0.0,0.0,0.0,0.0,0.0,36
0.17028712,0.07482117,0.042135026,0.72339,1.1360321,0.16500424,0.53686565,0.0,0.75956,0.6306343,0.0,0.0,0.0,0.03411474,0.9395267,3.723455,0.0,0.46883938,0.0,0.0,0.0,0.502244,0.08749123,0.7101609,0.34081522,0.66249496,0.71029496,0.0041885762,0.44891804,0.0,0.7292845,0.49235588,0.085296385,2.0210578,0.9775396,2.8816113,2.4443023,0.0,0.0,0.44457424,0.067348935,0.9950233,1.2720044,0.3199793,0.04881217,0.0,1.0200304,0.19961542,0.0,0.0,1.9410129,0.0,0.91968155,0.7027787,0.1255176,0.028355157,0.19359827,1.8662138,0.22304593,1.7837238,0.0,0.0,0.26024038,1.6821586,0.0,1.4090126,0.347693,0.26567945,0.24848832,0.48673,0.0,0.4384194,0.5361031,0.0,0.5649844,1.4473569,0.70305085,0.42379344,0.23541233,0.65136945,0
0.023092499,2.2768993,0.15293899,0.0,0.9371207,0.6877625,0.24942595,0.45718193,1.3780904,1.760107,1.5733423,2.007648,1.438029,0.5903495,1.4445338,3.578731,0.032606125,0.37849545,0.0,0.0,0.0,2.4729857,1.0242376,0.0,1.1865671,0.69094574,1.0286765,0.0,1.6481655,0.2143641,1.5020449,0.0,0.0,0.4318673,0.0,0.33211142,3.464293,0.5334166,1.6818038,0.0,3.4866343,1.8010535,0.51664776,0.0,0.58070505,0.55373466,0.40327352,0.4868189,1.4953024,0.4540953,0.3984183,0.0,1.2799459,2.0672429,0.16029942,0.00623706,0.9057999,1.339371,1.9521557,1.1453838,3.1766148,0.9862034,2.0192327,1.3340465,0.4632743,0.9060683,0.3014213,2.4940577,0.21321234,2.1424441,2.3024187,0.9509718,1.5483353,0.40206683,0.24522254,2.146499,0.8517312,0.029840507,3.3890347,0.83784163,1
0.0,0.39668348,0.0,0.0,0.37702242,0.0,1.6906142,1.0608935,0.25905028,0.059001505,0.07623947,0.0,0.0,0.0,0.0,1.8259697,0.0,0.0,0.0,0.23672825,0.0,0.0,0.0,0.0,1.2663566,0.0,0.6211165,0.0,0.0,0.30884084,0.73026764,0.0,0.0,0.31495,0.14524049,0.0,0.67820823,0.0,0.0,1.2436379,0.0,0.6295412,0.0,0.0,0.0,1.5330213,0.14222628,0.0,0.69676405,0.0,0.0,0.3487472,0.8696104,0.0,0.0,0.0,0.0,0.0,0.0,0.0,0.0,0.0,0.0,0.0,0.0,0.25315994,0.0,0.0,0.0,0.6073927,0.0,0.0,0.0,0.0,0.0,0.0,0.0,0.57558286,0.0,0.0,2
0.09968276,0.1731255,0.11843887,1.4191988,0.046055242,0.25049654,0.06250848,0.0,1.5013852,0.3687708,1.4402201,0.65279555,2.927877,0.09064769,4.077857,1.5312107,0.74771875,2.379006,0.0,0.0,1.7309003,0.24867615,1.3917465,0.46711352,0.052045166,1.1200652,0.21392,1.6152214,0.17232607,0.2868814,0.77574366,0.2914755,0.0,0.0,0.0,0.028811796,0.46167493,0.8665401,0.47508702,0.098429754,0.78757167,2.8453865,0.058948062,0.0,0.1558389,0.0,0.03955929,0.26727307,0.35958162,0.0,0.0,0.48190415,1.8631266,0.0,0.0,0.13503312,0.39793316,0.08273423,0.7071955,0.5190705,0.08040303,0.8490906,0.09783137,0.6252401,0.82958627,0.004448101,0.0,1.1917992,0.30864304,0.38728422,0.65957814,0.5777229,0.3093034,0.37109423,0.34458655,1.8111373,0.7622824,0.28233686,0.12480144,0.83575475,4
0.027187355,0.0,0.0,0.4713061,0.0,0.0,0.0,0.0,2.1398356,0.016852025,0.0,2.093207,1.9099401,0.0,1.2035333,1.335964,0.0,0.26294053,0.0,0.0,0.44344562,0.0,0.0,0.8170948,0.026389984,0.76067084,0.0,0.0,0.0,0.0,0.18199803,0.22011767,0.0,0.0,0.13399208,0.0,0.39785755,0.0,0.0,0.0,0.47400138,0.08289996,0.22293882,0.0,0.0,0.0,0.029797703,0.0,0.36450967,0.0,0.45762092,0.0,1.3914366,0.0,0.0,0.263297,0.04678479,0.31554177,0.0,0.1576906,0.42132002,0.0,0.0,0.0,0.0,0.0,0.0,0.0,0.0,0.012089423,0.0,0.6362621,0.0,0.0,0.0,0.27000922,0.0,0.0,0.0,0.20423576,5
0.26077902,0.16153091,0.0,0.08921171,0.44912276,0.0,0.119312026,0.6299578,0.6424291,0.40727443,0.004862426,0.28562775,0.07318032,0.52252257,0.22111887,0.38772485,0.16935152,0.117363304,0.0,0.0,1.8354372,0.68277967,0.09266633,0.0,0.08290012,0.0,0.029685527,0.0,0.86183214,2.679844,0.9187967,0.42047423,0.0,0.22272027,0.0,1.2374959,0.0,0.30494952,0.0,0.8731907,1.5175188,0.0,0.0,0.0,0.0,0.2596972,0.0,0.0,0.0,0.14850771,0.36007082,0.675358,0.0,0.0,2.2093658,0.0,0.23907143,0.0,0.0,0.0,0.016007502,0.45052734,0.0,0.0,0.0,0.60157335,0.059565455,0.14537607,0.0,0.44499707,0.26696604,0.0,0.0,0.0,0.0,0.0,0.0,0.03765223,0.49628848,0.0,6
0.062440455,0.0,0.73460025,0.6560473,0.24306807,0.0,0.0,0.0,1.7114003,0.9341708,0.0,0.0,0.5966724,0.3778532,0.0,0.58581364,0.0,0.3055812,0.0,0.0,0.0,0.0,0.0,0.0053377897,0.0,1.3079773,0.0,0.25639424,0.0,0.0,0.077032775,0.0,0.0,0.0,0.0,0.0,0.0,0.0,0.0,0.0,0.8080611,1.0658113,0.0,0.0,0.7987738,0.0,0.17325816,0.0,0.19265005,0.0,0.0,0.0,0.73526144,0.0,0.0,0.70498395,0.0,0.04103387,0.11803618,0.0,0.0,0.06830561,0.0,0.0,0.0,0.0,0.0,0.0,0.45846444,0.0,0.0,0.2366198,0.37012953,0.0,0.0,0.0,0.0,0.0,0.0,0.28455493,7
1.4945648,0.6901956,1.4821832,1.7775176,1.4622197,0.16100153,1.3078492,0.09882363,0.30024868,0.05725231,2.5787568,0.45207918,0.0,0.8521308,0.35172206,3.2502472,1.0199211,0.71504426,1.2383903,0.15819749,0.48166618,0.0,0.19328678,0.6325684,0.30031466,0.0,0.7953763,0.0,0.09069317,0.0,0.16164026,0.16838434,1.1867373,0.09388904,0.43964934,0.0,0.0,1.3875417,0.6767933,1.3681444,1.8092406,0.31963128,0.0,0.0,1.5218283,1.4457436,0.73984426,0.029034719,0.35296717,0.35492086,2.0571182,0.0,2.0308554,0.0,0.87376976,0.557647,1.0088769,0.1755786,0.40116626,0.22457397,0.0,2.1128879,0.0,0.79352784,1.7504028,2.2714229,1.377319,0.34048206,0.5377233,0.0,1.7036521,0.030334637,0.0,0.36773995,2.2354047,0.7779239,0.0,1.3816912,0.64219934,1.3189561,8
1.6746907,0.55495375,1.1387302,0.22163619,0.71769613,2.1767647,0.2522844,0.81181073,0.032681674,1.0202465,0.2544535,0.0,1.5609566,0.0,2.47865,2.7453086,0.0,1.7278459,0.04492567,0.84653014,0.29447162,1.6983056,1.2951834,0.0,0.6013001,0.0,2.3216758,2.7212174,1.9807284,0.0,1.5681283,0.4877379,0.0,0.90799206,0.05168174,1.8405125,0.7446931,0.29404232,0.06257042,2.1936717,0.7771127,1.3431145,0.62243426,1.4791981,0.11781174,0.3695917,0.030489028,1.0577679,0.0,0.4040559,0.02008754,0.102704674,0.7560033,0.0,0.8535453,0.0,1.0069693,0.20001504,0.8744317,0.8130888,0.50131714,1.1629729,0.38564163,2.1659112,1.3049548,0.08510853,0.33071905,1.7804297,1.0007248,0.010003531,0.10643124,0.7264522,0.0,0.045204457,0.0,0.20619231,0.0,0.30973345,0.2141296,0.0,10
0.0,0.0,0.22344774,0.52685344,0.42736512,0.5377761,1.5700411,1.2816876,0.04169216,0.0,0.0,0.0,0.33452713,0.0,0.084915385,2.0475945,0.6139561,0.0,0.0,0.21978039,0.0,0.0,0.0,0.11122888,0.4043402,0.0,0.5619673,1.8960149,0.0,0.44738707,0.89974403,0.0,0.0703581,0.26624465,0.13422509,0.0,0.5116426,0.92540395,0.2718443,0.23967151,0.3484397,0.98489606,1.7034991,0.0,0.0,0.7052791,0.3097015,0.24137028,0.3321703,0.0,0.0,0.0,0.18345699,3.6304083,0.0,0.0,0.0,0.05855678,0.8783305,0.0,0.0,0.0,0.26038688,0.0,0.0,0.22850415,0.01898148,1.2944224,0.25199923,0.0,0.0,0.19767079,0.16972701,0.0,0.06870719,0.0,0.0,0.19670022,0.16858655,0.6071942,14
0.0,0.02405416,0.0,0.0058319033,0.041492313,0.39676213,0.4397087,0.081161916,1.6340077,1.6390126,0.10360518,0.0,1.2483993,0.023849566,0.10271261,4.533839,0.13967833,0.31734905,0.032378472,0.26728025,1.6877172,0.014306825,0.58361065,0.031943776,0.87517536,2.1820495,1.9278488,0.0,0.2221772,0.0,0.013890982,0.0,0.0,0.05421757,0.0,0.33774784,0.0,0.39122853,0.0,0.009324509,0.04673715,0.37081483,0.056457277,1.5313535,0.0,0.79030013,0.8212229,0.0,0.51045406,1.0273793,0.0,2.8411698,1.940344,0.0,0.50194526,0.0,0.065854855,0.7500411,2.1047642,1.9063365,0.3339142,0.14695847,2.0628784,0.12324742,0.085424595,0.16468158,0.0,0.8559667,0.05878388,0.0,0.00095850107,1.2852705,0.88995975,0.3618027,0.09825072,1.1462418,3.628234,0.65473527,1.1194415,0.5272949,15
0.03900719,1.9382684,0.0,0.27732608,0.14196238,0.6776922,0.0,0.0,0.6332916,0.0,0.07225613,0.0,1.2081597,0.38679978,2.452312,1.6554445,0.29854327,0.31470096,0.01610254,0.18756759,0.4385227,0.24275826,0.046853736,0.0,0.0,0.074048504,1.2438071,0.8906781,0.14943722,0.59769136,1.0706557,0.0,0.8369703,0.7392006,2.43398,0.0,3.8058846,0.12400619,1.5966227,0.0,0.57427126,0.99670655,0.0,0.0,0.0,0.0,0.22143736,0.3880056,0.81545246,0.0,0.0,0.119446754,0.0,0.20023735,0.0,0.0,0.0,0.18668774,0.37540832,0.58285904,1.0468212,0.0,0.0,0.054889932,0.15034331,0.00508837,0.0,0.34879005,0.0,1.3654444,0.9517578,0.7611567,1.5586834,0.0,1.2273104,1.2469817,0.28354958,0.7848707,0.0,1.332619,16
0.09232231,0.0,0.0,0.0,0.31734878,0.0,0.21582526,0.0,1.0618812,1.7375082,0.83031905,0.0,3.596557,0.7824143,0.37472066,3.767077,0.0,0.26043972,0.0,0.0,0.5642656,0.28556705,0.03125362,0.0,0.0,0.0,0.060612418,0.13440236,0.0,0.18383582,0.0,0.070692554,0.10905277,0.0,0.1768926,0.0,0.0,0.0,0.0,0.06840524,0.48152804,0.28922963,0.0,0.0,0.0,0.0,0.0,0.0,0.54230344,0.0,0.2147991,0.4270501,0.038438454,0.0,0.0,0.06928708,0.0,0.8927109,0.0,0.0,1.3076991,0.0,0.0,0.8633263,0.10133631,0.0,0.39977264,0.0,0.0,0.0,0.0,0.66177714,0.6635519,0.0,0.0,0.0,0.6514327,0.0,0.36179864,0.0,17
0.0,0.0,0.09327814,0.3540918,0.0,0.0,0.0,0.10689056,2.2891076,0.31598374,0.0,0.0,0.1285311,0.10604054,0.0,1.9991786,0.0,0.592613,0.0,0.0,0.974178,0.0,0.33528337,0.0,0.0,0.0,0.8076088,0.0,0.0,0.16424343,0.0,0.0,0.0,0.0,0.0,0.0,0.537263,0.0,0.0,0.0,0.1077711,0.49459377,0.48342824,0.73133564,0.0,0.0,0.98856866,0.36947036,0.0,0.0,0.0,0.24611652,1.4836292,0.0,0.0,0.0,0.0,2.410632,0.0,0.0,0.0,0.0,0.0,0.0,0.0,0.0,0.0,0.0,0.61432934,0.0,0.0,0.17119926,0.0,0.0,0.0,0.0,0.6241386,0.0,0.0,0.5829803,18
0.0,1.7824087,0.0,0.0,0.1884911,0.0,0.0,0.0,1.4845074,0.0,0.0,0.0,2.8233476,0.0,0.45609564,1.4216293,0.0,0.041168153,0.0,0.0,0.8216541,0.0,0.0,0.0,0.0,0.0,0.0911846,0.0,0.0,0.04237841,0.0,0.0,0.0,0.0,0.0,0.0,0.0,0.0,0.0,0.0,0.0,0.53916377,0.0,0.17568183,0.0,0.0,0.0,0.0,0.0,0.0,0.0,0.0,0.0,0.0,0.0,0.0,0.0,0.0,0.14006293,0.0,0.0,0.0,0.0,0.0,0.0,0.35770962,0.0,0.0,0.0,0.0,0.0,0.3730363,0.0,0.0,0.0,0.0,0.0,0.0,0.0,0.0,19
0.26702705,0.18107405,0.64160264,0.022862941,1.2337763,2.0725682,0.034874544,0.15899923,0.0,0.4999655,0.29223347,0.50735724,0.5574384,0.29685688,1.7586305,3.6279507,2.1634583,0.56201166,0.9648477,0.009078124,0.0,2.8646336,0.034945827,0.16527542,0.30975825,0.20085338,0.015517475,0.0,0.0,0.077412605,0.91281337,1.339768,0.021659946,0.6387391,0.44776127,1.1740135,2.7333546,0.34105265,1.6067044,0.017893674,0.31987846,0.31382114,0.63687813,0.0,0.0,0.2843722,0.0715013,0.26498726,0.5980322,0.3737569,0.081956856,0.0,1.168596,0.65420717,1.3575209,1.2230208,0.94232655,1.5368376,1.3819722,1.7073748,3.5627456,1.1595895,0.23220396,0.7930652,1.5075309,0.0,0.123820275,0.0,0.0,0.6975567,1.226096,0.20706405,0.47207582,0.0,0.50386584,0.23983148,2.5323403,0.4402406,1.910019,2.155178,20
1.2817547,0.0,0.15588827,1.6686833,0.17812796,0.062514804,0.4778593,0.2717869,0.3795579,0.32712728,0.0,0.0,0.124371305,0.054727316,0.8009711,2.421115,0.0,1.8096508,0.0,0.0,2.4989886,0.32081953,0.37330323,0.0,0.0,0.10282408,1.2756808,1.5732713,0.0,0.34919202,0.092624694,0.0,0.12978058,0.0,0.21877131,0.0,0.0,0.066853635,0.18830866,0.26393446,3.3444889,1.1708251,0.13243544,1.1761178,0.0,0.0,1.9998022,0.6882392,0.23107453,0.0,0.12361115,0.31041753,0.048841268,0.0,0.0,0.6297095,0.37398276,0.048522808,1.2634428,0.0,0.08123012,0.0,0.0,0.10802945,0.26676202,0.0,0.39360225,0.14845732,0.0,0.047777057,0.0,1.047082,0.08051668,0.0,0.0,2.428779,0.22573602,0.64640564,0.64240646,0.0,21
0.0,0.40194085,0.0,0.09909278,1.1037915,0.9591981,0.0,0.0,0.6510072,3.1130261,0.50883114,0.0,1.1370726,0.0,0.57608503,2.7666974,0.0,0.3593258,0.0,0.8297092,0.64730215,1.217511,0.06615308,0.0,0.0,0.10928161,0.116956264,0.93437064,0.8632739,1.4618886,0.6976464,0.37093878,0.0,0.09786299,0.32540682,0.0,2.0314162,0.3454528,0.3402962,0.0,1.9792619,1.3444932,0.0,0.0,0.0,0.046483196,0.06267603,0.0,0.0,0.0,0.0,0.30172545,0.8252919,0.0,0.60591185,0.7875778,0.2384586,1.6885967,1.3340373,0.13737407,0.0,0.0,0.0,2.231318,1.0232768,0.0,0.3178367,0.0,0.0,0.0,0.52610004,0.16130704,0.78252923,0.0,0.8488833,0.12839384,0.09609219,0.08112225,0.0,0.5617896,22
0.0411174,1.3830181,0.5846131,1.011034,0.47635007,0.0019973589,0.50774294,0.44563198,3.6489668,0.0,0.09175586,0.057037946,3.538312,0.8349701,0.18921466,3.2312713,0.66587603,0.004923429,0.0,0.11893418,0.0,0.0,0.74793875,0.0,0.12317901,2.8887277,1.0851301,0.12243232,0.0,0.0,0.36999092,0.4313126,0.45047078,1.012552,0.0925575,0.6994073,0.0,1.0626105,0.64005315,1.2683733,0.83283484,0.43418238,0.6675325,0.0,1.4245567,0.87341136,1.0715808,0.14293917,1.0470091,0.5885191,1.7098434,0.0,2.5527053,0.49834207,0.11671017,0.015898325,0.6694416,0.24816489,0.12861405,0.0,0.26578358,0.112561,0.5408232,0.2194637,0.7732666,1.0515453,0.6250744,4.201311,0.7768084,0.0,0.0,1.1308832,0.7314019,0.29022193,0.85379004,0.9576516,0.57782555,0.52011335,1.0292301,0.38106996,23
0.8236024,0.0,0.0,0.19122577,0.03212794,0.0,0.0,0.41852412,0.004884336,0.29115164,0.5656421,0.0,0.71556354,0.031879127,0.0,0.9562893,0.0,0.0,0.0,0.0,2.0949523,0.0,0.75633687,0.0,0.57107496,0.0,0.5675617,0.0,0.0,0.6882232,0.60347605,0.29279894,0.24460703,0.5205445,0.04512599,0.0,0.0,0.0,0.0,0.4669131,0.70487,0.0,0.0,0.93241537,0.0,0.20245719,0.05555266,0.0930922,0.0,0.029669404,0.86357546,0.3804714,0.26086628,0.0,0.0,0.0,0.30940938,0.046864316,0.27326238,0.0,0.0,0.0,0.0,0.0,0.0,0.28064245,0.0,0.16012123,0.19156516,0.0,0.0,0.0,0.0,0.0,0.001475215,0.0,0.0,0.040160894,0.0,0.14669836,24
0.22739434,0.6950538,0.22362697,1.2093825,0.270767,0.7099472,0.44976127,0.2337203,1.2501616,0.8950213,0.35135323,1.0350124,0.16350338,0.09446198,0.5798901,2.2382321,0.5197623,2.3060431,2.13638,0.14299764,1.0423186,0.049117684,1.031291,4.0773163,2.364797,1.2097279,2.7827435,1.6749883,2.2567306,0.01315552,0.98092467,0.0948505,4.1038446,0.9833695,1.2657553,1.4029324,0.5022289,1.0658615,0.09521008,0.9284409,1.5564159,0.11834562,0.8528807,0.0,2.4010339,1.1160626,2.127582,0.33203575,0.0,2.4316773,1.3430291,0.23852646,3.7177215,0.0,0.25988892,0.5882654,0.8608464,0.70962495,0.9041169,1.390226,0.17628954,2.594631,0.6695727,0.0,0.012120418,2.102033,0.6944815,0.33773753,0.7680126,1.2691202,1.0432612,0.0,0.49016702,5.004608,0.20964465,3.3925238,0.0,0.42977425,0.22911716,0.12743841,25
0.5316527,0.10697599,0.0,0.38881496,0.4920242,0.0,2.2575045,0.112397164,1.0796021,0.56922245,0.0,0.27648777,0.0,0.086173475,0.0,1.8629558,0.0,0.0,0.0,0.0,0.0,0.0,0.0,0.5786896,2.0599666,0.0,0.3198634,0.0,0.0,0.0,0.58776164,0.0,0.0,0.49669778,0.0,0.0,0.93764067,0.0,0.0,0.8856326,0.0,0.40098208,0.0,0.0,0.0,1.19137,0.31884393,0.0,0.06461775,0.0,0.0,0.6244781,0.0,0.0,0.0,0.0,0.0,0.0754509,0.0,0.0,0.0,0.0,0.0,0.0,0.0,0.4528951,0.0,0.0,1.421305,0.0,0.0,1.1468179,0.19349606,0.0,0.0885309,0.38590825,0.0,0.0,0.0079707205,0.19131368,26
0.06424295,0.0,1.8186015,0.28577304,0.54780936,0.0,1.1268805,0.030230815,0.0,0.013667338,0.15990889,0.0,0.0,1.0757623,0.71110994,1.8486774,0.9830283,0.028399497,0.0,0.0,0.0,0.0,0.0,0.08522415,0.051222257,0.0,1.0572987,1.8731908,0.0,0.0,0.48653305,0.0,0.06961616,0.03906942,0.10878801,0.0,0.0,0.0,0.0,0.014076171,0.7651274,1.0231645,0.0,0.0,0.058340885,0.279029,0.0,0.0,0.0,0.0,0.24784559,0.0,0.0,0.6684976,0.0015706122,0.0,0.01824517,0.0,0.080784716,0.04899032,0.18668884,0.0,0.0,0.08844358,0.0,0.0,0.0,0.022254601,0.34541577,0.0,0.0,0.44379446,0.0,0.2464792,0.0,0.0,0.19411159,0.82088333,0.122565985,0.0,27
0.0,0.15558177,0.011428714,0.0,0.0,0.0,0.0,1.1546654,1.5243348,0.98049366,0.0,0.0,0.5614047,0.7413863,3.0437489,2.1463947,0.21070969,0.43809363,0.0,0.058173418,3.2296805,0.2067023,0.0,0.24070853,0.0,0.0,0.13924776,0.18855982,0.22282653,0.58336884,0.950445,0.0,0.0,0.0,1.5489204,0.0,1.5862713,0.0,0.0,0.0,0.07498535,2.2288237,0.0,2.8049319,0.0,0.0,0.0,0.0,2.7132936,0.0,0.0,1.8994297,0.0,0.0,0.0,0.0701741,0.0,0.0053810603,0.0,0.0,0.0,0.0,0.07967779,0.08119795,0.5013838,0.0,0.0,0.110966235,0.0,0.0,0.045504533,1.3415635,0.0,0.0,0.0,0.0,0.0,0.3623092,0.0,1.4736651,28
0.38288656,0.0014820024,0.0,0.18378274,1.2453921,0.13903573,0.6683545,1.3431822,0.5211696,1.0642203,2.2949958,0.21037447,0.2962014,0.030048473,0.0,2.2214732,2.2339375,0.38134444,0.0,0.022200555,0.1574648,0.0,0.0,0.24983597,1.203098,0.045763828,0.17994392,0.0,0.0,0.0,0.0395682,0.85212004,0.44897383,0.0,0.070505,0.0,0.3229339,0.0,0.014395159,1.1662846,0.25377062,0.14889391,0.0,0.0,0.09649726,0.0,0.25370657,0.0,1.6361843,0.6623523,0.22198197,0.0,0.37676585,0.0,0.0,0.0,0.40249893,0.0,0.2559879,0.2023372,0.0,1.2754331,0.41227257,0.0,0.26843795,0.113689974,0.12868093,0.0,0.23997931,0.0,0.0,0.0,0.0,0.0,0.0,0.5377545,0.0,0.10266237,0.0,0.0,29
0.6257974,0.0,0.0,1.0733124,0.026729167,0.44775635,1.1231385,0.0,0.94013345,0.0,0.0,0.0,1.8656317,0.0,0.019872323,2.2114072,0.4426478,0.0,0.0,0.0,0.0,0.0,0.0,0.0,0.9803223,0.0,0.4840413,0.0,0.0,0.3033266,0.57682514,0.0,0.0,0.0,0.0,0.0,0.0,0.0,0.0,0.0,0.0,0.0,0.0,0.0,0.0,1.0253131,0.003404364,0.02707082,0.0,0.040425055,0.0,0.0,0.19801444,0.0,0.0,0.0,0.0,0.0,2.5146353,0.0,0.0,0.0,0.0,0.0,0.0,0.78145957,0.0,0.0,0.0,0.0,0.0,0.6322615,0.0,0.0,0.0,0.0,0.0,0.0,0.8187682,0.15630235,30
0.034684837,1.4127475,0.0,0.5954784,0.006417632,0.0,0.23002343,0.37378088,0.0,0.4265164,0.40409863,0.0,0.0,0.2551151,0.0,0.06468237,0.0,0.0,0.0,0.0,0.18195021,0.191948,0.0,0.0,0.0,0.0,0.0,0.0,0.0,0.8556086,1.3985882,0.2098419,0.0,0.22481996,0.0,0.0,0.0,1.2095262,0.0,0.33097467,0.56651413,0.0,0.0,1.2195433,0.97390574,0.040740885,0.0,0.0,0.0,0.118204586,0.9106091,0.74747515,0.17695051,1.0658398,0.53538615,0.0,1.2574794,0.15544234,0.0,0.4080886,0.08567639,0.48369956,0.0,0.10868567,0.8044029,0.0,0.5658815,0.07719604,0.7183802,0.0,0.53478014,0.025034204,0.93053854,0.08025879,0.0,0.0,0.7767458,0.0,0.9328219,0.35269675,31
0.0,0.0,0.62776446,0.0,0.015962422,0.0,0.0,0.18869406,0.434516,0.0033904165,0.0,0.0,0.881286,0.0,0.009275436,0.5922511,0.0,0.5010494,0.0,0.33904013,1.2705669,0.0,0.0,0.0,0.0,0.0,0.0,0.0,0.0,0.0,0.0,0.0,0.0,0.0,0.067756385,0.0,0.0,0.0,0.92871773,0.0,0.0,1.764799,0.0,0.44210815,0.0,0.0,0.0,0.0,0.0,0.0,0.0,0.0,0.0,0.0,0.0,0.0,0.0,0.5273504,0.0,0.0,0.0,0.0,0.0,0.0,0.0,0.20469111,0.0,0.0,0.0,0.0,0.0,0.11472812,0.0,0.0,0.0,0.0,0.0,0.0015354753,0.0,0.87997913,32
0.33550188,0.03585261,0.0,0.05994583,0.25013727,0.27750108,0.030493304,0.0,0.6435088,1.3112655,0.358456,0.18887201,0.63276196,0.0637095,2.3767223,4.0515146,0.256613,0.4565825,0.15927513,2.7352285,0.0,0.9497093,2.0699024,0.0,0.09376335,0.7212557,0.63201344,1.2856461,0.36971676,0.4822821,0.2615779,0.0,0.050282214,0.20632519,0.795612,0.592509,3.5265455,1.9669024,0.9982141,0.41691235,1.5277165,1.4677198,0.036155507,0.0,0.1271579,1.1921408,1.5464633,0.2263078,0.72345096,0.6908693,0.40311903,1.1567752,0.33294693,0.0,0.0,0.05419933,0.071205586,0.16265023,0.5046944,0.053586602,0.87034583,0.0,0.44218543,0.8665971,1.0289261,0.52973837,0.6005283,1.1326578,0.5501225,0.81011975,0.7697717,1.7472681,1.6070566,0.0,1.516926,0.9903112,0.8417373,0.57155305,1.0286425,0.43538034,33
0.0,1.4131646,0.0,0.23984042,0.0,0.0,0.0,0.0,1.7385634,1.5334339,0.0,0.0,0.5985214,0.65517807,0.19083104,1.3268234,0.0,0.13414854,0.0,0.0,3.9350176,0.0,0.0,0.0,0.0,0.0,1.3878238,0.0,0.0,0.21438132,0.108625054,0.0,0.0,0.0,0.0,0.0,0.0,0.0,0.0,0.0,2.2533915,0.99792933,0.0,0.15994596,0.0,0.0,0.30565014,0.0,0.0,0.0,0.0,0.46166366,0.0,0.0,0.0,0.0,0.0,0.88791806,0.0,0.0,0.0,0.0,0.0,0.0,0.0,0.0,0.0,0.0,0.0,0.0,0.0,1.3413559,0.0,0.0,0.0,0.0,0.0,0.0,0.0,0.0,34
0.081351146,0.33293056,1.6388654,0.073261544,0.0,0.06448182,0.30995613,0.0,2.0109596,0.0,0.29708397,1.1197431,0.0,0.2774507,0.3333396,1.6081853,0.61944175,0.85644126,0.17377938,0.0,0.05513966,0.0,0.0,2.7280087,0.27621084,3.4478953,0.0,0.0,0.0,0.0,0.0,0.0,0.050716236,0.067277975,0.19700445,0.0,0.0,0.0,0.0,0.0,1.8132261,0.51142114,0.15630041,2.0329309,0.0,0.0,0.061655782,0.0,0.100758895,0.0,1.0946887,0.0,2.0093873,0.049181253,0.0,1.414819,0.0,0.0,0.0,0.0,0.0,0.0,0.6756056,0.011938064,0.0,0.0,0.0,0.54033434,0.0,0.0,0.0,0.81707525,0.0,0.54689044,0.0,0.45998093,0.13459142,0.21620354,0.0,0.0,35
0.0,0.0,0.0,0.49387693,0.0,0.0,1.7660741,0.5271453,1.6768527,0.20120934,0.0,0.0,1.3605378,0.11859717,0.9189733,2.0108476,0.77240384,0.0,0.29924136,0.012944847,0.0,0.0,0.0,0.1031189,1.4097675,0.0,0.3386824,0.12948158,0.14849013,1.4178009,0.42379123,0.0,0.29146287,0.0,0.0,0.0,0.0,0.17307854,0.0,2.1100607,0.5480803,0.4688359,0.0,0.0,0.0,0.16618907,0.296512,0.11246608,0.124509856,0.05007011,0.047338933,0.0,0.5892091,0.28296953,0.0,0.0,0.0,0.5444021,0.6296815,0.11323583,0.008186067,0.0,0.5279726,0.0,0.0,0.8972725,0.4229154,0.14251149,0.41777426,0.0,0.1389705,0.0,0.0,0.0,0.021128852,0.02103029,0.577718,0.14976868,0.0550242,0.4348486,36
0.4863533,0.8467121,0.9244626,2.333662,1.4909618,1.7533494,0.1668175,0.21410547,2.081367,0.62478805,0.16978475,0.92003727,0.5572624,0.30422688,3.031355,4.7958527,0.0,0.3484187,2.2999144,0.3811382,0.764742,0.08780965,2.8322139,1.219326,0.00307914,1.560402,2.2606719,4.446851,1.6967152,0.22011513,1.8078872,0.39789927,0.28446507,1.295446,1.5091417,1.9011717,2.567268,0.39771402,0.9324106,0.10053922,0.47057888,1.098468,5.273934,0.0,0.5856236,1.183758,1.3712713,0.0,1.0442019,0.9720109,0.0,0.0,0.53954065,0.08505671,0.4375029,2.1203523,0.38875228,0.91217244,2.1625848,0.9243541,1.2805897,1.2173957,0.55294573,5.607028,1.2783177,0.28035176,0.66155535,1.6333473,0.0027019177,1.0451857,0.36488238,1.4195815,1.6128417,0.2710341,1.1824915,1.697501,1.3286488,0.9042685,1.2817554,0.010252553,0
0.5206108,0.6661583,0.47569263,0.058686275,1.6946968,0.25061876,0.29719424,0.0,0.69711185,0.19889988,0.77283585,0.2370187,4.3534474,0.034047287,0.19267483,4.5346146,0.08792335,1.6791372,0.0,0.34553507,1.8432612,1.5225233,0.39134973,1.0264947,0.1825497,0.0,0.7136303,1.2450166,0.81588334,0.6154855,0.93118584,0.8119687,0.90864736,3.9986475,0.5770616,0.43620878,1.0743728,0.0,0.109461516,0.66742843,0.40667826,0.17186745,1.3273721,1.4693899,0.0,0.19039115,0.87790537,1.1757481,0.0,0.9493502,0.3183051,1.40321,2.9416323,0.6427219,0.8970301,0.0,0.5766395,1.0293278,0.21402971,1.6584511,0.086232826,0.5802875,0.36269736,0.0,0.32775563,1.0770472,0.0,0.5746826,0.0,0.27524087,1.2719288,0.60241735,0.1643829,0.0,0.14638235,0.78001165,0.13765927,0.053918842,0.53438914,2.4785824,1
0.20826113,0.0,0.0,0.42379028,0.0,0.0,0.0,0.4275192,1.7811466,0.77183354,0.0,1.2134421,3.0505133,0.0,0.0,1.6201191,0.0,0.44663686,0.0,0.67202485,2.1125913,0.0,0.0,0.2656142,0.6265664,0.0,1.2809308,0.89653355,0.0,0.0,0.0,0.0,0.0,0.0,0.3424609,0.0,0.0,0.0,0.0,0.0,0.7389532,0.76261556,0.23772645,1.1906219,0.0,0.0,0.32963154,0.0,0.0,0.0,0.0,0.0,0.9395904,0.0,0.0,0.0,0.0,0.74782914,0.0,0.0,0.0,0.0,0.56623983,0.0,0.0,0.0,0.0,0.0,0.0,0.43996817,0.0,1.2660961,0.0,0.0,0.50561285,0.0,0.0,0.20581982,0.0,0.0,2
0.0,0.0,1.1398035,0.09602235,0.5200405,0.0,0.0,0.5777154,1.0057523,0.065156996,0.0,0.019012928,0.0012706191,0.0,1.4577001,1.5606714,1.6372058,1.6778219,0.0,0.0,1.2179872,0.06725815,0.0,0.0,0.0,0.0,0.0,0.8470426,0.0,0.24195674,0.0,0.0,0.0,0.09210467,0.12222633,0.0,0.14764684,0.0,0.5272214,0.0,0.2184853,0.0,0.0,0.13579738,0.0,0.0,0.21053644,0.2994877,0.0,0.07989597,1.158723,0.08060859,0.9480923,0.0,0.0,0.0,0.0,0.0,0.41783544,0.0,0.0,0.0,0.0,0.38768464,0.0,0.0,0.0,0.0,0.0,0.76123494,0.0,0.03863737,0.08920595,0.0,0.0,0.95595115,0.0,0.12667084,0.0,0.096001685,4
0.0,0.24341147,0.087007165,0.3846936,0.23268917,0.0,0.0,0.0,0.61106575,0.4128146,0.24057914,0.0,0.14446257,0.040123794,2.5157394,4.9268928,0.0,0.5274408,0.0,0.0,0.0,0.21254468,0.6751927,0.0,0.97605026,1.1896002,0.009165183,0.042751726,0.08575542,0.26393855,1.5187464,0.47610703,0.05573476,0.49069422,0.17980179,0.0,0.32714662,0.5174301,0.11472154,0.6912793,2.6760647,0.6916338,0.023209946,0.0,0.0,0.0,1.2551279,0.0,1.3659427,0.21758385,0.0,0.0,2.1207588,0.0,0.5198271,0.0,0.0,0.18532535,0.62355816,4.539777,0.36577845,0.6808123,0.17816018,0.0,0.8470334,0.0,0.50625527,2.3694458,0.0,0.4983691,1.0978273,0.7300713,0.0,0.6870686,0.5141517,0.0,1.5988716,0.89073896,0.58144164,0.6089813,5
0.02526544,0.6023978,0.0,0.41404513,0.94535154,0.0,0.0,0.0,0.1165269,0.0,0.0,0.0,0.0,0.0,0.0,1.7356985,0.0,0.0,0.0,0.0,0.0,0.7863363,0.0,0.0,0.0,0.0,0.48577994,0.0,0.0,0.61651397,0.07638168,0.0,0.0,0.0,0.8614999,0.0,0.33955836,0.0,0.0,0.71508193,0.0,0.0057180226,0.0,0.0,0.0,0.9445683,0.25233325,0.0,0.0,0.0,0.0,0.0,0.0,0.0,0.0,0.0,0.0,0.2817051,0.0,0.0,0.0,0.0,0.0,0.0,0.0,0.0,0.0,0.0,0.0,0.0,0.0,0.0,0.0,0.0,0.0,0.0,0.0,0.0,0.0,0.0,6
0.0,3.4026756,0.3145386,0.0,0.0,0.07400438,0.0,0.0,1.8841321,0.0,0.0,1.3922992,5.3748703,0.105168566,0.0,1.9306889,0.0,1.0329537,0.0,0.0,0.0,0.40820023,0.0,0.0,0.029098727,0.18527973,0.6718632,0.0,0.0,0.0,1.2203379,0.0,0.0,0.0,0.0,0.5331826,0.012897916,0.0,0.0,0.0,0.0,0.5204794,0.0,0.0,0.04200074,0.0,0.35239783,0.06892456,0.29284206,0.0,0.0,0.9190968,1.8078604,0.0,0.0,0.8436326,0.0,0.42715016,0.21744365,0.0,0.0,0.0,0.3770899,0.01986131,0.0,0.2394669,0.0,0.0,0.0,0.0,0.0,1.6143795,0.7819737,0.0,1.2295899,0.0099158855,0.8845394,0.6019017,0.0,0.0,7
1.0927917,0.0,0.13990712,0.37073487,2.0209575,0.56133866,2.0513158,0.4001934,0.90944964,1.2565019,3.2605345,0.0,0.39855224,0.41736323,0.07714407,4.4998484,1.8683745,0.0,0.60663414,0.7679671,0.0,0.1068091,0.74322754,0.0,0.5379367,0.19634269,0.46660954,1.2511992,0.0836852,0.5215589,1.4389861,0.0,3.1645355,0.49436748,1.4768579,0.56834084,0.21933626,0.2229802,0.30278593,1.3035483,0.0,0.7692924,0.0,0.0,0.73756254,2.2612925,1.7408946,0.0,2.3854332,0.9238196,0.28273696,0.98801434,0.21021126,0.0,0.0,1.2368191,2.2143524,0.22255552,0.54187006,0.0,0.0,0.0,0.5471304,1.2915965,0.82100093,0.40851665,0.5589596,0.2553179,0.2202248,0.028745364,0.010879992,2.1378627,0.47220662,0.08807744,0.72468543,0.74741215,0.0,0.24020283,0.443973,1.2875254,8
1.0027865,0.63125575,0.25767696,0.6839661,1.40718,2.9560466,3.3891501,1.1931634,1.3162922,0.618446,0.0,1.2646706,0.09490597,0.21197292,1.4795032,1.9889594,0.0,0.30532542,2.8868032,0.5629008,1.7889795,0.9932357,1.8465545,1.3345996,0.17753625,1.413652,1.3598437,1.7910569,1.7127935,1.7642229,0.09650172,0.72483134,1.195447,1.4005061,0.827561,1.1440625,3.8193192,1.0910048,1.0364887,0.312828,4.224819,0.64348954,4.5911436,2.821908,1.2555987,1.3464767,0.0031120928,0.48310474,0.35274914,0.5205305,0.20771004,0.19514784,0.86101955,5.6870456,3.0421536,0.6130579,1.1346743,0.4346916,0.27167404,3.193607,2.0201592,2.2928157,0.8189312,1.1584933,0.1810177,0.9182233,0.5799603,0.33601856,2.0510612,0.7716197,0.8706449,0.36915025,0.6526147,0.40647694,0.478083,1.4909546,1.3525825,0.8931955,3.0053053,2.5406494,10
0.0,1.0094953,0.4795392,0.31343025,0.0,0.49249557,0.0,0.0,1.4992527,0.008438796,0.0924442,0.0,3.0786126,0.58099025,0.823434,1.7045016,0.0077917087,0.4071045,0.0,0.107477084,0.038099885,0.0,0.15598753,0.0,0.0,0.0,3.331427,0.0,0.24499846,0.0,0.0,0.088956445,0.0,0.0,0.4514187,0.0,0.25139582,0.0,0.0,0.31819764,0.9635334,0.30990174,0.0,0.5852009,0.0,0.0,1.2009586,0.08868839,0.28722364,0.0,0.26440343,0.038990796,1.089236,0.0,0.0,0.51234967,0.0,1.2731086,1.6868625,0.0,3.2012177,0.0,0.0,0.4507992,0.017199457,0.23562668,0.0,0.0,0.0,0.0,0.0,0.91454965,0.12794581,0.0,0.077101946,0.45920512,0.0,1.1758242,0.0,0.058375396,14
0.0,0.0,0.04795745,0.6166765,0.06211716,0.0,0.0,0.0029718876,0.12030073,0.0027311146,0.15034595,0.0,0.36599243,0.0,0.0,0.8169231,0.1731838,0.0,0.0,0.0,1.779363,0.0,0.0,0.0,0.0,0.0,0.012510277,0.0,0.0,0.23774323,0.6981609,0.08858144,0.0,0.0,0.0,1.0169045,0.0,0.55139774,0.0,0.11568709,0.23207857,0.0,0.0,1.666312,0.0,0.4348142,0.0,0.105377614,0.0,0.0,0.42710498,0.92255884,0.0,0.0,0.0,0.0,0.0,0.2575519,0.4254476,0.0,0.0,0.0,0.0,0.0,0.0,0.11664942,0.0,1.3772364,0.0,0.01946503,0.0,0.040740848,0.0,0.0,0.0,0.0,0.0,0.0,0.0,0.10605508,15
0.1832036,0.0,0.0,0.23664927,0.0,0.9083143,0.0,1.3110263,0.6846427,0.009232663,0.0,0.0,0.09162988,0.0,0.8740363,1.9390594,0.06992188,0.5696876,0.0,0.034155548,0.0,0.19067734,0.33919933,0.24410315,1.0082629,0.0,0.0,0.6763742,0.3986237,0.31168383,0.44293672,0.0,0.0,0.42170265,0.0,0.0,0.6445749,0.0,0.0,0.0,0.0,0.47281575,0.0,0.0,0.0,0.0,0.42285404,0.13794367,0.0,0.0,0.0,0.0,0.0,0.0,0.0,0.0,0.0,0.09688802,0.7199869,0.0,0.0,0.0,0.0,0.0,0.32426438,0.0,0.0,0.0,0.0,0.0,0.0,0.0,0.37922162,0.0,0.0,0.18821393,0.0,0.0,0.0,0.0,16
0.20469381,1.505516,0.0,0.41925895,1.1612489,1.6929485,0.0,0.19529468,2.2213755,1.0848838,0.0,0.7369935,0.96829736,0.0,2.8010569,3.1804729,1.4454244,0.36319035,0.80855733,0.8172884,0.0,1.8897772,3.0202813,1.5637573,0.20675552,1.2903032,0.76045156,0.6119544,0.0,0.6594709,2.0923762,1.617514,0.26307082,0.0,0.5381099,1.3195533,0.611844,0.83094335,1.3713471,0.35328212,0.4155901,1.3186955,3.4645286,0.0,0.0,0.0,1.0156829,0.76389897,0.45540848,2.0039473,0.7270992,0.0,1.5086222,0.28563675,0.0,0.24892816,0.7122716,1.6048748,0.21512169,0.8404903,3.0248358,0.8773409,0.31563532,1.9663923,0.3612111,0.0,1.4048911,0.15133113,0.0,1.1829243,0.49390453,1.2059011,1.2412829,0.13498771,2.0229688,0.5424973,2.9285104,1.7824812,1.1749952,1.651525,17
0.0,0.0,0.0,0.6349084,0.0,0.0,0.0,0.0,1.1918552,0.0,0.2699015,0.0,0.8789426,0.0,0.0,1.9718201,0.0,0.47261256,0.0,0.0,1.8055513,0.0,0.0,0.12521839,0.0,0.0,0.34033167,0.0,0.0,0.0,0.0,0.0,0.0,0.0,0.0,0.0,0.0,0.0,0.0,0.0,0.77010465,0.31825024,0.0,0.0,0.0,0.0,0.92050755,0.0,0.0,0.0,0.08294445,0.17841434,0.8947407,0.0,0.0,1.4597538,0.0,0.24384631,0.46831307,0.0,0.13236979,0.0,0.0,0.0,0.0,0.0,0.25755706,0.029886603,0.0,0.0,0.0,1.6254071,0.0,0.0,0.65713537,0.0,0.0,0.049937546,0.0,0.0,18
0.039899945,0.24604455,0.0,0.0,0.0,0.0,0.0,1.2125142,0.062378436,1.537837,0.0,0.25680497,0.48076934,0.0,0.0,0.48489314,0.0,0.0,0.0,0.0,1.3313792,0.3049034,0.0,0.0,2.1394756,0.0,0.029903151,0.0,0.12959534,0.22281578,1.071738,0.9530225,0.0,0.19571352,0.0,1.0382171,0.0,1.2507647,0.0,0.8040538,0.0,0.0,0.0,3.3865485,0.12824753,1.1050975,0.0,0.5444802,0.0,0.18801105,0.20126812,1.1769986,0.6714192,0.0,0.0,0.0,0.42638177,0.44936562,0.7663739,0.0,0.5379558,0.0,0.2963996,0.0,0.0,1.6733586,0.28533274,0.0,0.0,0.25607967,0.0,0.0,0.0,0.0,0.0,0.0,0.28560662,0.0,0.0,0.25075746,19
0.0,0.8931933,0.23967274,0.4935893,0.33183402,0.95307124,0.21014456,0.7226449,0.24622041,1.4350673,1.1865262,0.78403753,0.0,0.0,0.9290465,3.1730652,0.5668675,0.9438857,0.5423074,1.6891232,0.6931453,0.25701565,0.0,0.0,0.13921472,0.44624504,2.4421093,1.14872,1.0791643,0.40033948,0.3524227,0.10828911,0.3152716,0.6604194,0.3328374,0.22311917,1.924056,0.3198465,0.4133314,0.17004512,0.49033317,0.669163,0.16313882,0.046286095,0.0,2.8489912,0.642493,0.14147528,0.36483192,0.0,0.47572377,0.8508374,0.498336,0.0,0.07461859,0.5821976,0.13098708,0.7141263,0.71648926,1.2341037,0.19965556,0.0,0.6263039,0.0,1.1471572,0.06695673,0.1907856,0.38119605,0.15250678,0.21203876,1.2879689,0.72682106,0.6342783,0.0,0.0,1.5752001,0.0,1.3605508,1.3112768,0.43421406,20
0.33292365,0.5557504,0.059315525,0.0,0.28226334,0.0,0.0,0.0,1.7167168,0.17799132,0.3191516,0.5379778,2.8737292,0.0,0.9291012,1.459893,0.0,1.2670712,0.0,0.0,0.0,0.38650167,0.0,0.27168956,0.0,0.0,1.5898352,0.0,0.0,0.34538928,0.0,0.0,0.19705045,0.0,0.0,0.0,0.94382155,0.0,0.0,0.37869048,0.048064746,1.1862205,0.38759214,0.0,0.0,0.0,0.76295376,0.0,0.35857642,0.0,0.44437572,0.81018573,1.2172503,0.0,0.0,0.07696788,0.014795494,0.3080038,0.2259368,0.0,0.0,0.0,0.0,0.0,0.0,0.0,0.0,0.0,0.0,0.0,0.6971162,0.5547223,0.0,0.7065892,0.2300134,0.0,0.11345014,0.0,0.0,0.0,21
0.50947595,0.13081335,0.15790243,0.9494797,0.705052,0.0,0.30606097,0.0,0.3399569,0.6790169,1.9513963,0.0,0.0,0.0,0.20455232,2.2385268,0.0,0.70386803,0.0,1.2719194,0.5175576,0.16413201,0.48430574,0.3996685,0.0,0.17503408,0.6840818,0.5624963,0.86892474,0.8063165,0.32337794,0.0059314515,0.0,0.0,0.04739708,0.8472893,0.110250555,1.2746873,0.0,0.2993486,3.4487247,1.95033,0.0,0.0,0.0,0.0,0.3459002,0.41108346,0.16677263,0.0,0.0,1.7358251,0.10238197,0.6587155,3.338753,0.0,0.0,0.44487286,0.034973204,0.67798495,0.0,0.13324095,0.0,1.8240585,0.40751472,0.6706318,0.0,0.0,0.0,0.090113565,0.0053676534,1.2209271,3.3299758,0.0,0.15604803,0.7906238,0.0,0.0,0.0,0.0,22
0.80647194,0.49833876,0.03916021,1.7564961,0.12078524,0.0762711,0.0,1.2553672,2.6859546,0.11432901,0.0,0.24275835,3.474833,0.6567138,1.185663,3.3676853,0.20611925,0.7878317,0.0,0.0,0.8594721,0.034799002,0.0,0.0,0.36361438,0.24923716,0.0,0.0,0.23928812,0.24533059,0.0,0.0,0.24240738,0.0,0.5016048,0.0,0.6424577,0.2696864,0.21000342,0.507168,1.478348,1.0009456,0.0,0.18593416,1.2689643,0.0,0.24110298,0.67884505,0.0,0.0,0.0,0.0392773,2.5472639,0.0,0.122583956,0.0,0.056428064,0.04325695,0.06318165,0.4243193,0.0,0.53108937,0.0,0.0,2.1691902,0.71432555,0.01908025,0.15735593,0.0,0.0,1.1817214,0.85790944,0.036132976,0.0,0.0,0.8125122,0.1087416,0.7160622,0.0,0.43913415,23
0.1804421,0.115162075,0.47299752,0.47060096,0.47190017,0.0,0.5866582,0.0,1.0143707,0.3407889,0.0,0.0,0.36255157,0.0,0.0,2.1883142,0.026384497,0.5335517,0.28007618,0.01553091,0.114932775,0.0,0.0,0.23674132,0.77002335,0.0,1.0769681,0.06075681,0.0,0.0,0.2564499,0.0,0.8820745,0.0,0.04366513,0.0,0.0,0.0,0.008977778,0.31586668,0.0,0.0,0.0,0.0,0.0,0.0,0.09281928,0.020261109,0.09794104,0.2408019,0.3122654,0.0,0.8776055,0.9689688,0.0,0.0,0.049667493,0.0,0.727124,0.0,0.0,0.060308218,0.0,0.0,0.0,0.84494793,0.0,0.4715859,0.2876038,0.0,0.0,0.07326317,0.0,0.0,0.0,0.32113725,0.0,0.0,0.25542536,0.1757446,24
0.0,0.0,0.9586928,0.0,1.0879804,0.0,0.0,0.4215688,0.5968867,0.0,0.0,0.0,0.0,0.24578646,0.28394708,0.42013004,0.0,0.0,0.37749082,0.0,0.0,0.0,0.0,0.0,0.0,0.11007011,0.0,0.74812657,0.0,0.33880946,0.29975846,0.0,0.102374226,0.03813639,0.0,0.0,0.0,0.0,0.0,0.0,0.085696526,0.5182361,0.0,0.0,0.0,0.0,0.0,0.0,0.0,0.0,0.0,0.0,0.0,0.0,0.0,0.0,0.0,0.0,0.0,0.0,0.0,0.0,0.0,0.0,0.0,0.0,0.0,0.045900345,0.0,0.0,0.08424034,0.0,0.0,0.9719847,0.0,0.14101088,0.0,1.4367431,0.0,1.1366658,25
0.0,0.07418588,0.75007015,1.0872748,0.80919814,0.815547,2.8770423,0.7662849,0.8905809,0.06188349,0.08362219,0.039012715,2.483738,1.4494402,0.2681741,4.42991,0.6032185,0.02373668,0.0,0.0,0.49580088,0.0,0.0,0.0,0.34540036,0.0,0.80594194,0.17716496,0.16056074,0.1647196,0.85052025,0.0,0.0,1.1537467,1.2763084,0.06176934,0.0,0.72302294,0.116802186,0.68748355,1.9264597,0.33135906,0.13153476,0.0,0.6867671,0.76969814,0.9608134,0.19104165,0.5751247,2.231904,0.12974212,0.0,0.60720974,1.6014738,0.0,0.0,0.9266825,0.092678055,0.2919049,0.70473206,0.0,0.66014653,0.40949357,0.0,0.17362653,0.38191232,0.0,1.5047812,1.4702445,0.0,0.0,0.3066167,0.097587265,0.30636835,0.41476136,0.6960592,0.0,0.13904151,1.3612132,1.3675954,26
0.08801932,0.0,0.27968314,0.0,0.0,0.0,0.0,0.7053429,0.34139147,0.0,0.034662485,0.0,0.0,0.22527155,0.1524044,2.24642,0.0,0.0,0.0,0.09356135,0.0,0.0,0.0,0.0,0.046506733,0.0,0.2155652,0.0,0.0,0.16314131,1.2591944,0.0,0.0,0.0,0.24918628,0.0,0.9041449,0.20647758,0.0,0.0,0.7538653,2.2791536,0.07626119,0.0,0.0,0.0,1.6912646,0.29090953,0.5410722,0.0,0.0,0.0,1.4911385,0.0,0.0,2.754056,0.0,0.14168642,0.0,0.0,0.32608277,0.0,0.5216453,0.0,0.0,0.0,0.0,0.0,0.0,0.086796604,0.0929925,0.57076687,0.0,0.0,0.0,0.0,0.0,0.006490469,0.0,0.399656,27
0.0,0.0,0.42811996,0.5805811,0.0,0.63800055,0.31226495,0.24430397,0.5832446,1.7055085,0.10994461,0.0,1.9818102,0.47417516,1.5227096,1.0318102,1.0171573,0.52604014,0.10659966,0.861958,0.0,0.0,0.3744561,0.0,1.2867249,0.014086023,0.08843841,0.9548219,0.0,0.0,0.0,0.0,0.0,0.6284986,0.34788615,0.0,0.0,0.0,0.0,0.0,0.4262925,0.14843103,0.0,0.0,0.0,0.32208088,0.5792563,0.0,0.12933683,0.0,0.0,0.0,0.56232005,0.28120756,0.0,0.0,0.39879254,0.051460464,0.0,0.19731545,0.07055672,0.0,0.0,0.19821513,0.17455035,0.5910743,0.12740777,0.0,0.0,0.0,0.0,0.5037239,0.0,0.0,0.14609626,0.46564126,0.0,0.0,0.51531935,0.9348575,28
0.5768165,0.12703907,0.30132514,0.0,0.0,0.0,0.5402242,1.2633892,0.21672545,0.3292529,0.6661753,0.0,0.109770805,0.0,0.004446516,1.6503742,0.010513395,0.0,0.0,0.0,1.1818074,0.0,0.56547636,0.0,0.48202989,0.30241704,1.0274413,0.1885513,0.0,0.15275872,0.728457,0.0,0.123256385,0.0,0.0,0.17440957,0.0,0.016150892,0.0,0.940584,0.43221223,0.0,0.0,0.07375169,0.0,0.0,0.0,0.0,0.0,0.014745474,0.15707652,0.63397896,1.8760085,0.9217731,0.0,0.0,0.0,0.0152616985,0.06950063,0.0,0.0,0.17257175,1.0651762,0.0,0.49336702,0.30026114,0.0,1.3866599,0.0,0.0,0.0,0.0,0.99598646,0.0,0.0,0.0,0.0,0.0,0.0,0.5664787,29
0.0,0.9818821,0.669279,0.0,1.4144375,1.7706878,0.0,0.0,1.0442408,0.0,1.0127265,0.5562421,2.4035025,0.07152589,0.0,3.9288583,0.37661523,1.2540787,0.0,0.0,0.0,0.23660141,0.03602561,0.0,0.11480373,0.0,0.3176794,0.0,0.0,1.6516844,1.7836401,0.4618511,0.0,0.18200779,0.13807768,2.2007062,3.9216225,0.0,0.19660355,0.9856384,0.17750975,0.51385796,0.23138812,0.0,0.0,0.0,0.2734909,1.739992,0.0,0.0,0.0,0.0,0.60506755,0.0,0.0,0.6212765,0.14460033,4.0237403,2.189181,1.6860027,1.0823739,0.0,0.16298993,0.2911085,1.1509569,0.71127504,0.9523115,2.3919988,0.0,0.75615084,0.4318691,2.0090826,0.34581122,0.0,1.4045902,2.2357404,0.0,0.0,0.43380928,1.1762393,30
0.17873019,0.30717328,0.0,0.7291963,0.19117275,0.16705026,0.58233434,0.0,1.3312551,0.0,0.0,0.48422223,0.27013123,0.2025435,0.0,0.3694539,0.0,0.18899332,0.0,0.07669611,0.0,0.0,0.43257016,0.0,0.0,1.3450222,0.68859845,0.0,0.35848182,0.2119418,0.6788025,0.1674347,0.2547223,0.0,0.5890776,1.0651568,0.0,0.025479287,0.37829384,0.0943712,0.47765118,0.41615042,0.0,0.0,0.0,0.0,0.4431194,0.6732204,0.0,0.65779674,0.7059303,0.0,0.0,0.0,0.13618432,0.029714733,0.5452457,0.54199487,0.14062251,0.76351774,0.11922011,0.49037367,0.0,0.2023173,0.0,1.3344853,0.072987095,0.118476436,0.0,0.0,0.0,0.0,0.14651184,0.0,0.0,0.05418752,0.11057979,0.114145346,0.0,0.0,31
0.16620728,0.0,1.01581,0.7098985,0.07069856,1.1334848,0.6066187,0.22900596,1.7445594,0.40990317,1.9286463,0.056841254,2.934465,0.37978432,1.6188296,3.0758657,0.0,0.24819686,0.6320995,0.0,0.0,1.4526916,0.0,0.70888996,0.45272243,0.7347977,0.76392066,0.0,1.8272607,0.0,0.33303422,0.0,0.0,0.2212469,0.051591888,0.0,1.4214058,0.22836617,0.2744911,0.7219647,2.9090366,0.7279766,0.8458437,0.36101374,0.02651226,1.1634225,0.0036950707,0.0,0.0,0.0,0.29939973,0.0,2.4513195,1.2706845,0.45879188,0.0,0.20328689,0.19699267,1.9982283,0.0,0.0,0.101560004,0.40259343,0.766997,0.98108184,0.0,0.67935836,0.0,1.5010219,0.0,0.65564066,0.14364585,1.0751506,3.338962,0.0,0.6849503,0.41920894,1.4495685,0.15315561,0.40022045,32
0.7569772,0.45637536,0.29385096,1.9869225,1.9463423,0.0,1.1984601,0.8632838,0.73135877,0.981429,0.0,1.0175949,0.0,0.8470173,2.3664944,1.6889329,1.6242836,1.7971447,1.7093956,0.720345,0.26928914,0.081635624,0.9674098,3.154241,0.57285506,1.220093,0.5013446,0.82837075,0.43876547,0.49118695,0.0,0.6059375,6.0354385,1.443554,1.679552,1.6962422,0.0,2.1178746,1.1295581,0.55796075,2.350983,0.4777625,0.21619081,0.19821541,1.1344546,0.024877831,1.3573046,0.0470556,1.5206871,2.2321434,1.8154969,0.0,0.0,1.8154814,0.044693053,0.0,2.3198032,0.26155436,0.46847785,1.0496465,1.7043576,2.0007088,0.81133467,1.0451398,0.8648794,0.15396185,1.1643907,0.8824008,1.3486328,1.6948495,1.8768265,0.45650047,0.0,0.0,0.7556492,0.5239643,0.0,0.46082273,2.3617802,0.012914687,33
0.29186887,0.26372913,0.0,0.0,0.22768481,0.0,0.0,0.008934408,1.9839327,0.24798557,0.0,0.0,0.18600559,0.14225271,0.049458113,1.7491009,0.0,0.0,0.0,0.0,0.0,0.0,0.0,0.0,0.1299875,0.0,1.2519622,0.0,0.0,0.0,0.70958495,0.0,0.0,0.0,0.15634856,0.0,0.0,0.0,0.0,0.056099832,0.0,0.0,0.0,0.1490264,0.0,0.7374511,0.34595403,0.0,0.0,0.0689558,0.0,0.0,0.0,0.0,0.0,0.0,0.0,0.0,0.0,0.0,0.0,0.0,0.18915689,0.0,0.0,0.0,0.0,0.0,0.0,0.0,0.0,0.6937772,0.0,0.0,0.0,0.0,0.0,0.5580634,0.0,0.0,34
0.0,0.8611659,0.57446605,0.095936544,0.538186,0.0,0.0,0.0,1.3606617,0.32228097,0.0,1.3762038,3.484859,0.016601015,0.67654556,3.1990442,0.0,1.6860924,0.0,0.17256749,1.3199971,1.4265318,0.006424397,0.13453563,0.03420888,0.0,1.0989678,2.4596953,0.2375804,0.94490045,0.24281669,0.08078522,0.0,0.0,0.0,0.0,0.8011344,0.17451258,0.0,0.0,0.1841138,1.5586588,1.0716519,0.0,0.0,0.64193386,0.35513264,0.020124095,1.1652877,0.0,0.0,2.4977396,0.6415612,0.14154801,1.1087472,0.44318587,0.6068369,0.020154253,0.0,0.40687698,0.0,0.0,0.6394513,0.12377913,0.14517821,0.14944315,0.6441365,0.0,0.0,0.10309976,0.48741147,0.57055646,0.99632096,0.17471674,0.800462,0.6654155,1.7886508,0.0,1.1851448,1.0437555,35
0.052192464,0.0,0.13373697,0.20284319,0.11330351,0.0,0.0,0.4525535,0.6846651,0.90540326,0.0,0.0,0.0,0.0,0.29145667,2.6320336,0.0,0.023457274,0.0,0.0,3.329452,0.0,0.04181031,0.0,0.0,0.088355616,0.8360146,1.1672246,0.0,0.013275892,0.0029170811,0.0,0.0,0.0,0.0,0.0,0.0,0.0,0.0,0.0,0.0,0.5334336,3.2750027,2.185885,0.0,0.0,0.2503651,0.0,0.049424134,0.0,0.0,0.94234985,0.0,0.0,0.0,0.0,0.0,0.39062485,0.0,0.0,0.0,0.0,0.0,0.12960005,0.0,0.0,0.0,0.0,0.0,0.0,0.0,1.517403,0.0,0.0,0.0,0.0,0.0,0.0,0.0,0.0,36
